﻿,keyword
0,나라
1,감사
2,언론
3,지지
4,사람
5,방송
6,좋은
7,국민
8,부동산
9,생각
10,교회
11,많이
12,개혁
13,보수
14,검찰
15,정신
16,정치
17,화이팅
18,조국
19,말씀
20,정보
21,응원
22,정부
23,진보
24,뚫어
25,정권
26,오늘도
27,대선
28,정책
29,영상
30,코로나
31,수고
32,서민
33,문제
34,대깨문
35,포교
36,이준석
37,코드
38,서울
39,말고
40,선거
41,말이
42,먹아지를
43,너네
44,뉴스
45,니네
46,이단
47,미친
48,니들
49,이재정
50,있습니
51,의원
52,담임
53,빨리
54,투표
55,한국
56,못한
57,나오
58,소리
59,최고
60,국회
61,기대
62,백신
63,만세
64,국힘
65,책임
66,이유
67,열심히
68,위한
69,알고
70,시작
71,ㅠㅠ
72,홧팅
73,이해
74,적폐
75,미국
76,공감
77,사실
78,결과
79,공무원
80,안되
81,말을
82,중국
83,그만
84,잘못
85,그러
86,다들
87,조사
88,투기
89,세대
90,공정
91,뭐가
92,내용
93,처럼
94,김광일
95,시원
96,저도
97,상황
98,정의
99,여론
