﻿Comment,is2030
니네는 쌍팔년도에 경부고속도로 반대하고 포항제철 반대하고 자주국방 반대하고 뭐햇는데 아니 지금은 뭐하는데 나라를 중국과 북조선에 팔아목을 궁리만 하고 현재 암약하는 스파인들의 기록을 남겨 놓았다가 정권 바꾸고 싸악 법대로,1
야니가 뺏지달고 헛소리하는게 더 가관이다분수를 알아야지,1
윤건영 너가 대한민국의 수치다 그걸 모르는것이 대 불가사의다,1
그 두꺼운 면상이 화끈거린다니   가짜뉴스가 아닌가,1
너는 국가적 망신이아니라 인류의 망신이다,1
맨날 미국 뒤통수 치는 간첩이 대똥령하고 있는게 더 얼굴 화끈거릴일 아니냐,1
지네들이 못하니 질투하네 능력 없는 것들이 뒷구녁에서 감나라 배나라 하고 있네 오죽 답답하면 국캐원도 아닌 사람이 나섰을까,1
백두산까지 가서 한국을 망신 시킨 사람이 누구인가,1
쌍팔년도식 민주화 운운이 제일 악질이다,1
윤씨 병원 가 보시오,1
문재인이 미국가서 혼자 햄버거 우걱거리는 꼴을보면 온몸이 빨개질텐데 ㅋㅋㅋ,1
진짜 쌍팔년도에 있었던 김영삼 의원 제명파동에 대한 입장이 궁금하네요,1
니들이 무너뜨린 한미동맹을 되살리려고 고군분투 하는 것이다 좌좀들아,1
벼라별  구케의원이 날뛰고 있어,1
황교안이 쪽팔리는것은 사실 왜 미국 가나 그런데 더 쪽팔리는 것은 너희 떠불당 너희들이 야당일 때 맨날 미국가서 어깃장 놨잖아 너희들은 어깃장 정도가 아니라 반역을 했지 그리고 지금 대깨문 봐라 제정신 가지고 사는게 감사할 정도다,1
박영선 똘마니 윤건영 나는 아무때나 나서는 너 때문에 얼굴이 확끈거리고 토 나온다,1
적폐라는 당신때문에 내가 더 화끈 거린다,1
나라를 그렇게 만든 역적들 때문에 국민들의 얼굴이 화끈거린다 알겠느냐 다음세기에 이완용과 같은 대열에 올라 갈 사람들,1
쌍팔년도가 대한민국 리즈 시절이었다단군 이래 저 최대 호황으로 너희 공부도 안 했던 똥들이 직장 골라서 갔던 때이고 모든 한국인들이 희망을 가졌던 시기였다오히려 무능한 똥들이 부끄러운 줄 몰라,1
건영아 그렇게 얼굴이 화끈거릴 정도면 니 교주 재인이더러 빨리 기어 나오라고해라 니같은 견들 때문에 국민은 억장이 무너진다,1
쌍팔년이라함은 단기년 즉 년인데 넌 아직 태어나지도 않았었지 ㅎㅎ,1
아직 반성을 안하네 ㅋ 참나 너부터 비방하지마라 백신 수급 실패한거 이번에 황댑교 방문으로 적나라하게 들통난거 아이가,1
나는 윤씨니가 쪽팔린다 그러기에 잘좀하지지금 잘되는게 뭐가있어 이넘아구캐의윈이면 답게 놀아라 아주 못난넘이야,1
쌍팔년도가 아니라 쌍육년도라도 좋은 것은 계속 간직해야지 요즘 것이라고 해서 다 좋은 것만은 아니다 쌍팔년도가 어때서,1
쌍팔년도 보다 못한 행정처리 안했으면 이런일 자체가 없었겠지,1
배 만드는 철판보다 더 두꺼운 얼굴에 화끈거림이 느껴진다고 미친개가 웃을 일이다 양재물 먹고 정신 좀 차려라,1
자내는 빠지게나 왜들 이렇게 숟가락들 엊냐 두렁에 미꾸라지들 휘젓는것 같다 물 흐려놓지 마라 제발,1
알겠다 수고했다 그러니 이제 고만 쉬어라,1
 민심으로 투표방법을 바꾸는게 국힘을 국민정당으로 변모시킬수있는 모멘템아닐까,1
짜요 하게,1
꼴값떨고 자빠졌네 넌 그냥 백수건달일 뿐이다,1
준석아 젊은 나이가 계급장은 아니잖니 과거 영삼이 대중이 의 대 기수론 쌩쇼가 생각난다 나대지말고 어른들께 더 배워라 특히 자네는 겸손을 배워야하네,1
난 하태경은 싫음 암튼 모래알처럼 자중지란만 하지 마라 국힘이 잘 나서 오세훈 큰 격차로 이긴거 아님을 항상 명심하고,1
애들이 뭘 아냐 나이만 젊으면 다냐 나도 그나이 살아봤지만 철부지다 좌충우돌 철부지,1
아이고 우리 선의원님 요새 말만 날리면 해저드로 빠지네 ㅎㅎ,1
이준석 김웅 하태경 화이팅 언제나 응원합니다,1
착각은 자유다 대 젊은층이 지지하는 정치인은 입만 살아있는 가벼운 자가 아니라 진실하고 신뢰할수 있는 리더를 원한다,1
윤희숙 추천,1
웃기지마라 나같아도 안뽑는다 그냥 아닫하고 중간만해라,1
준석아 까불면 다친다 끓지도 안했는데 넘칠러 하네,1
한국 우파 다 죽었는가,1
하태경 삶은 소대가리가 웃는다는 생각이든다 실력도능력도 중요하지만 품위가 엿 보여야되는거 아님메 쌍칼라쉐키들,1
저게 보수인가 저게 진보인가 어느덧 늙어버린 젊은이 같다,1
 으로의 완전한 세대교체만이 대선 승리의 길이다,1
야들이 이렇게 정신 없는 자들이다 그런데 조선은 왜 야들이 이렇게 띄워주지 못해 안달인가참으로 해괴한 신문이다,1
하태경 ㅋㅋ,1
이준석 그 아이는 영혼이 없다 그 아이는 안 된다,1
젊은 세대당내 개혁을 위해서 출마해라추행당과는 다르다자신의 노선과 정책을 당내에서 시험받는 것도 나쁘지 않다여당의 초선오적이 당하는 조직과는 다른것이다,1
이준석하태경을 자신의 부하처럼 좀 시건방지긴 하지,1
이준석이 보다보다 하니 간뎅이가 부었구나 남 탓하지 말고 니나 잘해라,1
오냐오냐 하니 별희한한 녀석이 다 껄덕대나,1
이자석들이 미쳤군 분수도 모르고 나이만 디밀어,1
촛불에 타죽고 싶습니까 로 유명하지 ㅋㅋㅋ 좋아 하겠다 ㅋㅋㅋㅋ,1
하태경 그냥 웃자,1
까불지 말고 좋게 볼 때 잘해라,1
너무 설치는 느낌이다 내가 아닌 우리를 생각해 정말 사심없고 공정한 큰 인물을 찾아서 좌파척결에 보탬이되라,1
신선하다 젊은 친구 마음에 든다,1
야 이준석이 윤희숙 의원을 밀어라 아주 똑 부러지는 우리나라의 거의 국회의원 중 챔피언급 이니냐,1
잚은층 지지합니다,1
하버드 졸업 이외에는 아무 경력도 없는 대 후반의 만년 정치연습생,1
적극지지 이제 젊은사람이 당을 이끌고 중진들이 적극적으로 조언을 할 때이다,1
젊은 세대의 당대표 진출이 필요한 때다 이준석 철 청년의 패기와 노력에 박수를 보낸다 김영삼 이철승 김대중을 생각하면 청년들의 열정이 기대된다,1
허 그럴 수도 있겠다 싶기도 하고 진짜 세상 인심이 계속 바뀌는 중이라 잘 모르겠지만 민주당만 좀 어떻게 됐으면,1
유병언에 관한 이야기는 왜 없는지 궁금 합니다 어린생명을 앗아간 참사에 가승 아픕니다 광화문 추모관은 너무 초라 합니다 빨리 철거 하고 팽목항에 웅장하고 엄숙한 추모관을 설립하길 바랍니다,1
세월호 지금까지 제발 정신 좀 차려라,1
놀아나는군 ㅠㅠ,1
정청래 김남국 대한민국 국회 망신인것 역사에 남을거다 무식해도 이럴수가 인생공부 다시해라ㅇㄴㄷ아,1
아참 정청래와 성능이 막상막하인 김남국 로봇도 똑같아요,1
정청래김남국을 뽑아준 마포을안산단원 유권자분들이 창피하지 않나요 그지역에 대깨문들이 많이 사나요,1
남국아 머라고 지껄여바라,1
입이 열개라도 할말없겠재 자질마저 떨어지는 무능한국회의원들,1
얘들이 계속 떠들어 줘야 내년 대선도 도움이 될텐데 어떻게 해주면 제대로 맨 노릇을 계속할까,1
생떼탕을 하도 많이 먹어서 뒷간에 갔나 조용하네,1
강성  ㅋㅋㅋ 별다른 립장 ㅍㅎㅎㅎ 박영선이 대패에 크게 기여한 공을 인정함 깜싸 인생 고 따위로 살지 말라고 마디 해주고 싶어라 더 이상 선거에 나오기 힘들 껄 왜 국민이 무슨 개붕미냐,1
정말 느그들만 모르고 있던거였냐 언 놈은 보수의 결집이라고 하데 카 우습다 대다수 국민은 보수 진보 그런거 관심 없다 느 그들처럼 분수도 모르고 까부는 것들이 싫을 뿐,1
겁쟁이 똥개가 더 많이 짖지,1
통일전선전술에 따르면 혁명의 간조기에는 지하로 숨거나 익명으로 사보타지를 하게 됩니다 ㅎ,1
김남국의원은 입법 발의하고 개정하시지요,1
뭉가패거리당 퍼센트를 넘었으니 너무 많은 표를 받은 것으로 본다,1
청래야 입 있으면 뻥긋 해봐 왜 그 악어 이빨 갖고 있으면서 잠잠하니 아깝잖아,1
깝쭉거리다간 쭈탱이에 성난 유권자들로부터 된장 쳐맞지  강성 좋아하네   국회의원 금빳지 이젠 고물상에게 팔아도 금이아니라 도금으로 여길걸 싸구려로 전락한 국회의원 빳지값 ,1
너희들도 참패의 주요원인,1
정청래 김남국 수고 많았다 고맙다 그 주둥이 계속 떠들어 다오,1
민주당에서 우선적으로 책임져야 할 대상들 이낙연 김태년 홍영표 청정래 김남국 박주민 김종민 그리고 남국아 넌 뭘 잘했다고  나와서 논평을 하니 네가 그럴 자격이 있냐 이 애숭아,1
아이고 시원해까불지 말고 그입좀 꽉 다물라,1
니들이 안설치니 세상이 조용하네 자중하고 지내라,1
전라도 세글자,1
주물럭당의 보배들스피커통들이 말이 없네 밧데리가 다 방전이 되었나 아주 꼬소해요,1
청정내 정청내 이분 이름이 좀 헷갈리네요 여하튼 이 분도 민주당 비호감에 일조하신 분이죠 그리고 조국 숭배자 김남극씨도요 김남극씨는 죽을 때까지 조국에 대한 충성 변치 말기 바랍니다,1
쉼없이 변하는 현대에서 발전도 중요하지만 본연의 자연을 즉 풍수를 지키며 발전하는 것이 나아감의 목표 아닐까 라는 생각이 드네요,1
새로 알아가는 것들이 많아서 좋은 거 같습니다,1
돈은 악취가 나지 않는다는 속담이 인상이 깊네요 앞으로도 좋은 기사 기대하겠습니다,1
기사 잘있었습니다 원래 이런 기사는 관심이 없었는데 한번 보다보니까 계속 관심이 가네요 앞으로도 더 많은 기사 부탁드립니다,1
요즘 우리의 강산 변화가 끔찍하다는 글 보고 공감했습니다 기사 잘 읽었습니다 감사합니다,1
모든 사물에는 영혼이 스며 있다 오늘도 사소한 것에 감사함을 느끼고 아끼는 마음으로 행동하고 사용해야겠다는 걸 다짐하게 되었습니다,1
잘읽었습니다 결과가 궁금해지네요,1
교수님 유익한 글 감사합니다 풍수적인 정보를 알 수 있어서 좋았습니다,1
풍수에 대해 잘 읽었습니다 앞으로도 좋은글 많이 부탁드립니다,1
신문은 읽으면서 천반농주형이나 선영이나 기타 등등 지금까지 처음듣는 단어가 많이 나와 읽는데 쉽게 이해하지 못했다 그래도 이 신문은 읽으면서 무덤은 살아있는 사람의 마지막 사랑의 표현이라는 말이 마음에 확 들었다 비록 신문은 읽는데는 어려웠지만 신문안에는 많은 교훈이 담아있는거 같다,1
좋은 글 읽게 해주셔서 감사합니다 ,1
강산의 변화가 끔찍하다는 말에 동감합니다,1
국가 지도자들의 대지관을 엿보는 이유 잘 보았습니다,1
글 읽고갑니다 감사합니다,1
이해가 잘 되진 않지만 기사 잘 읽었습니다,1
많은기대를 햇지만 구시대적 지역이념편향에 모처럼기회상실위기 안타갑따 결국 인물난,1
적폐의 귀신 출생의 비밀 출신의 너절함 건달로 잘먹고 잘 살아온 자 이자들은 물러거라 개똥쇠는 물러거라 너무 많이 쳐 먹었으니 고마해라 아직도 등쳐 먹을 게 남아 있나,1
납골당에 선대를 모신 후손들은 죄다 붕어 가재라는 말하고 별반 차이가 없네,1
이건 아니죠,1
나라 거덜내고 싶냐,1
요즈음 대학 교양학부에서는 풍수도 가르치나,1
무슨 엉터리 풍수얘기를 아직도 지껄이노 명리나 기문둔갑과 달리 이건 맞고 틀리고 엉터리라는 걸 확인하기가 곤란하기에자리 파헤치기도 그렇고 몇십년 지나야 확인되는 얘기라는 것사기치기는 좋다고 하더군누구처럼  거의 다 엉터리라고 보면 됨,1
대선과 선영 풍수지리를 연관지어 기사를 작성하신 부분에서 관심있게 잘봤습니다,1
대한민국 역사 욕되게 하지마라,1
지금 세기 집니다 개화기가 지난지도 백년이 넘었는데,1
이 글을 읽으면서 영화 명당이 떠올랐습니다 정말 풍수지리는 신기한 거 같습니다 재밌게 잘 읽었습니다 좋은 글 감사합니다,1
선거 특히나 대선을 앞두고는 주목받는 정치가들의 선영에 대한 관심이 많은 것 같습니다 지난번 미나리 영화 관련 풍수 글도 그렇고 늘 호기심에 클릭하게 되는 시의적절한 글 재미있게 읽고 있습니다 감사합니다,1
글 올라올때 마다 잘 읽고 있습니다 대선이 가까워지면서 관심을 가지게 되었는데 풍수와 관련있는 이야기들과 결합한 글을 읽으니 흥미가 생깁니다,1
지네들이 못하니까 남탓만 하는구나  황교안 대표님 수고 많이 하셨습니다,1
편가르기 오해 부를 말은 조심 또 조심해야 한다 보수 진영에서 편가르기란 있을 수 없다 민주당에 소송을 당할라  민주당 전매특허인 편가르기를 불법 표절했다고 ,1
황교안 전 대표 정치활동 재개 진심으로 환영한다 ㅋ 강성 보수 이미지에 막무가내 무식한 발언 보면서 ㅋ 어딘가 부족한 것 하지만 민주당 입장 에선 환영 논평이라도 내야 ㅋ 누가 황교안 폭탄을 국민의힘에서 받아줄까  그것이 문제지 민주당과 문재인 정권 복도 많아 ㅋ 황교안이 이렇게 설치고 다니고 있으니 ,1
혈맹 동맹도 모르고 배은망덕한 문가집단이 중공 북괴의 간첩질하는 것에 비교 할수있겠나 건영아왜질투나니,1
총선참패하고 꽁무니 빼더니 미국가서 그걸 흔들어 대고있다니,1
윤건영아 니들이 나라를 개떡같이 다스리니까 마지못해 황교환까지 나선거 아니냐 꼴에 자존심은 있어가지고,1
이정희는 생지옥 아비규환입니다 공무원과 경찰이 내놓고 공격합니다 세계에 알려 주십시오 구출해주십시오 ㅡ이정희 공개 증언케해야 합니다,1
한번도 경험하지 못한 미친 나라라는 것에는 동의ㅋㅋ,1
정은이 앞에 찍소리도 못하는 문개를 보고 미국은 지금 기가 막혀 저런 것들을 위해 때 피를 흘렸냐는 것이다,1
더듬어민주당은싫단다,1
민주당만 아니면 된다,1
이분은 한는말마다 머이딴식인지 머리가 이상한거아니여 헛소린 고마하고다니지 정권에도움안돼고 민폐인거모르는지 국민보고 바보라고 하는거랑 똑같레,1
니들은 똥물안에 기생충들이라 머릿속에 똥물만차서 나라를 망친 원흉괴리들겉다 범법자소굴집단,1
그케 보는눈이없으니 ㅉㅉ 어케 국민들만도 못하냐 ㅋㅋ,1
우물안에 똥물 ㅋ 야인시대보니카 김두한이 똥물 국회에 뿌리던데요 ㅋㅋ,1
우물안똥물들이 강이나 바다가 보이기나하겟어요 ㅋㅋ,1
류호정 패싱ㅋ 굿 그런애 알게모야ㅎ,1
너무 감사합니다 나라와 국민을 위해 다시 돌아와 주십시오,1
그럼그럼 국짐당 다시들어가서 구정물좀 일으켜보아요,1
님보다 못하지는 않다고 생각 합니다 그런 의미 에서 님이 조용히 계셔야 할듯 싶어서 적습니다,1
그래그래 한국당 복귀해라 닥식도하고 장외투쟁도하고 삭발도하고 풉,1
많은 일 하세요,1
김웅 이준석 주호영 나경원은 주제파악을 잘하고 보기엔 차라리 김은혜가 낫다,1
개그 똘마니 용미니도 불어터진당 최고의원하는데 뭘 ㅋㅋ,1
민주당의 유일한 희망 홍준표를 적극 지지합니다,1
이제와서 새누리당 거차게 말아먹어놓고는 은퇴한다시고 비겁하게 튀었다고 이제 슬슬 국힘당이 다시 뜰 거 같으니까 복귀하시겠다 ㅋㅋㅋ,1
직접 만나면 될 일을 왜 제 삼자인 트라블메이커 할배한테 엎드리냐 윤총장이 너희들  뼈다귀들 호구냐 철도 없고 대책도 없는 민낯 그만 보여 짜증난다 김웅,1
친박 잔당 청산 없으면 별 볼일 없다,1
어이밑에 맞는말을 하는데 이간질이라니 귀담아들어라,1
김웅이 방송등에 나와서 검사 스럽지 않은 모습에 나름 좋게 봤는데 국민의 암에 입당하는것 보고 다소 의외라 생각했다 비록 꼰대당 이지만 젊은 사람이 들어가서 당내 변화를 일으키는 것도 좋은 일이긴 한데 저 뿌리깊은 수구 꼴통 사상을 고치기가 쉽지만은 않을듯,1
빗자루 세워놔도 지금보다 못하지는 않을 것이오만,1
대동단결 하라,1
반기문도 대단했었지충청대망론 불지면서 쥐떼들이 열심히 따라가다가지지율 떨어지기 시작하니결국 쥐떼들도 돌아서고 아웃되었지 다시 그 쥐떼들이 윤석렬로 줄서나 ㅋㅋㅋㅋ,1
개 합동조사라 그래도 믿음이 간다 구라미터 응답율  개 기관 응답율 ,1
민주당뒤에 구라미터가 있지 구라미터 정권바뀌면 처형 당할 각오하길 전국민을 상대로 농락질 재밌냐,1
숨은 두더지 대깨문 대표님,1
차라리 늙은 붕알이라도 떼어내고 내시를 합시다 홍내관 부르기도 좋네,1
용지의 마왕 우리이니,1
깜방에서 보자 잘가라 짜이찌엔,1
그나마 근데 국민 거시기 쪽에는 이런 사람도 안뵈네,1
오세훈 님은 서울 시장직을 억욱하게 뺏기시고 회한과 고통을 당해 보셨기에 서울시를 맡기만한 분이라고 생각합니다 밥과 돈으로 표를 사는것 밖에 모르는 여당의 얕은 수단을 깨부수고 아름답고 선진국의 수도답게 변화시켜주세요,1
오세훈이 초등학생 급식 주는 것에 반대한 것은 분명히 기억합니다 이제 학교급식은 진보보수를 떠나서 상식인데 그런 혜안이 오세훈에게는 없습니다,1
지딴엔 여자라고 생각 ㅋㅋ 토나올라하네 마구할므음,1
ㅋㅋ 깜도 안되지 마구할머믄,1
진짜 지겨운 여자다 좀 사라줘 줬으면 좋으련만,1
어이쿠 옳으신말씀 니가나와야 나라를구하지 ,1
검증이 무서버 최대한 늦게 등판해그저 날것으로 먹으려고 ㅋ ㅋ ㅋ쥴리가 누구냐,1
중도 중도하다 이대로가면 보수가 등돌린다 국힘당 초선들아 인물보는눈이 나보다 못하냐,1
대중이 자식들바라 다 감옥에 들락 날락재명이는 총각행세 쌍욕의 대가인데 뭔 누굴 나무라고있나 지금,1
장의원님의 말씀이 백번지당합니다 국힘당을 편파적이고이기적으로 만드는 홍의원님의 복당불가를 외치는 국짐당의 쓰레기 국개의원들은 버려야 합니다,1
니 아들부터 잘 관리해라 언젠가 큰일 한번 할 인물이다 ㅋㅋ,1
죽은 대중이보고 그런소리해라 그런인간을 동상씩이나 ㅋ,1
광기수준의 편집증으로 몽상에 빠져 문재인정부 망하길 고사지내도 모두 물거품 그동안 예측하고 기대한 것중 맞은게 뭐가있나 거기에 조국에게 저지른 죄악을 반성은커녕 아직도 조국을 매도하는 저 악랄한 심보를 보라 오세훈의 선택적 기억이 오세훈 계단을 기억하겠나,1
언론의 정도란 동아에선 금기어인가 편파왜곡과 이중잣대가 원칙인가 인간의 존엄과 행복추구권 평등권과 창의성의 가치가 좌우에 따라 달라지나 얼치기 선거공학으로 적폐들의 악어새 노릇하는게 부끄럽지도 않나 계란판 제조를 넘어 신문지수출의 첨병이 되지 말고 올바르게 살라,1
한가지가 빠졌습니다 오세훈 당선일만에 재건축 재개발 집값이억 올랐다는것정말 서민들에게는 젊은이 들에게는 피눈물 납니다,1
당신들이 말하는 청년은에스케이와이를 비롯한 서울중심 대학생꿈을 펼치는 청년이 아닌 한탕주의에 물든집부터상가부터 빚내어 사는게 장땡이라는 재벌우상주의맹신적 종교집단에서 울부짖는실력은 없으면서 끈으로 직업끈 꿰찬이런 청년은 아니겠죠,1
실력은 없으면서 끈으로 직업끈 꿰찬북에는 정으니 여정이가 대표이고남에는 뽑고 나니 걔였어라는 청년들도 있고부모의 살신성인적 노력으로 이것저것 공부하고 다양한 경험한 이도 있고글재주로 몆 줄써 절실한 사정 이해받게 만든 젊은이도 있지,1
국가의 미래를 걱정하고청년들의 삶을 희망적으로 보장하려면좇쭝똥들의 친미친일 정신부터 뜯어 고쳐야 하는것 아닌가요글만 썻다하면 현정권을 비판하고 폄훼하는걸 넘어서 망하는게 진리인듯 하는 태도는나라를 좀먹고 흠내는짓이지요명바근혜때 이런글 한번 쓰보았나요,1
아직도 조국에 마음의 빚이 있는 문통과 문빠들그래서 민주당은 안되는것이고이번 선거는 여당 심판이지 국힘당 역시 잘한게 하나도 없다그냥 최악 대신 차악을 골랐을뿐,1
이번 보선은이낙연이 재난지원금으로 삽질만 안했어도 민주당 압승이다이낙연에 찬밥신세 당한 민주당 지지층은 투표를 안하고수구적폐들은 결집한거 뿐이다,1
그 때 되게 궁했던걸까,1
보수 야권에서 대대적인 인적쇄신 필요합니다 전적으로 공감합니다 준표무성교안 아런 과거 인물 애국적 견지에서 물러나고 참신한 젊은이들에게 나라를 맏겨 봅시다 초재선 의원중에 당대표원내대표 나왔으면 합니다,1
개가 똥을 끊냐,1
민주당 애들은 그런 놈들이라 치자 국힘에 주호영은 또 뭐야 니가 대표로 나온다는 그것하나땜에 중도층이 떨어져 나가는 소리 안들리냐 그냥 여러소리 말고 초선들 다 나와서 제 당이 만들고 권리당원들도 다 나와야 돼,1
제발 늘 낮추어 겸허히 생각하고 초심을 잃지말고 시민의 안녕을 생각하며 명예를 회복하는 기회를 갖길 바란다 축하합니다,1
누가 차기 정권을 잡던금리 인상 아니한 사람들 및부동산 가격 폭등 시킨 사람들 책임 물어 다 처벌해 주었으면 좋겠다,1
난 무식해서 뭐가 망가졌는지 모르겠다망가진거 번부터 번까지 기호 달아서 나열해주면 참고하고싶다,1
소망을 주십시요,1
차떼기 당인 국힘당이 차기 정권 잡아도 과거 행태보면 자기네들 이익만 챙기고현 민주당도 등 내부가 썩어 갈아 본인 이익만 챙겨 치워야 되겠고에구 밀어줄 당이 없네,1
자꾸 지난 얘기만 하시는 김 대표님 전혀 현실적이거나 논리적이지 않아요제행무상이라 항상 상황은 변하는것 아니겠어요굳어있는 사고방식에서 탈피하심이 시급한 문제 인듯더욱 정확하고 예리한 후배들에게 맡기시고제일 급한 우리나라의 문제는 정의의 재정립,1
주장의 타당성을 떠나서 이런 의견이 왜 한겨레에 실려야 하는지 모르겠네꼰대가 지가 정의로운지 알고 헛소리 하는 걸 보고 있으려니 젊은 기자들은 얼마나 힘들까성기자는 자리를 후배들에게 넘기고 영업이라도 뛰어서 신문사에 마지막으로 좋은 일 하길 바란다,1
장모 처 엽기적 사기행각 법정 결과에사법부의 민낮 곧 공개,1
일단 나와봐개떡이 될꺼다,1
얼마나 두렵고 무서우면 이런 기사를 쓸까 라는 생각이 먼저 들었다 한겨레는 지난 년동안 거의 유신시대의 조중동급으로 활약하던데 ㅎㅎㅎㅎ 난 언론이라면 공정해야 한다고 생각한다 그런데 진영 논리에 빠져서 전혀 공정하지 않았지 우리편은 무조건 좋은 사람 이게 한겨레가 지향했던 목표였나 고민해보기 바란다,1
이게 말여 성기자또 너무 성실히 때려가꼬 꽉 눌렀다크게 튀면 개미들 꼬여서 악성물량이 되니까운전을 잘해야혀패턴이 너무 같아도 안되고 한 번씩 변칙도쓰고하여간 언론계의 주포 성기자 그대만 믿소,1
속마음이 너무 빤히 보이는군 두려워할 이유 없다는 생각의 근원은 왜 두려운가가 아닐까 손바닥으로 하늘을 가리려는 것은 아닌지,1
문재인정부는 보유세를 올려야한다 양도세만 올리니 내놓지를 않아글구 몇십년간 해온 전국민의 투기병 반발이 심하겠지만 지금보다 더 강력한 정책 펴야한다 국힘당은 씨를 말려야한다,1
기사 타이틀 뽑는거하고는어이가 없네성한용 너는 무섭냐 난 아닌데,1
현 정치가들에게 얼마나 절망을 했으면 검찰총장을 그렇게 많은 국민들이 지지하겠는가 그들이 바보인가 서로 상대방을 저주하게 만든 정치가들 모두 없어져야한다,1
윤씨가 두렵지 않다면이런 기사도 나오지 않겠지 ㅋㅋㅋ민주당과 문씨 일당들은밤에 자다 윤씨 악몽에 벌떡 일어나덜덜 떨고 있을 듯ㅋㅋㅋㅋ,1
짜장 빨아준 한겨레 종업원들이 두려운 거 아니고  ㅋㅋ,1
이 익숙한 두상의 이분 문재인 정부가 싫어서 작년 총선때도 그렇게 나발 부시더니 다 틀렸는데 또 나발 부시네 사람들 기억력이 만만해 보이시조,1
쥴리의 정체는출신으로 보면 수많은 동서들이 계실텐데 어찌하누한우는 구워먹든 삶아 먹든 ㅋㅋㅋㅋ,1
산넘어 산 넘사벽임 여당 두후보 지지율이 무려 절반에 육박 ㅋㅋㅋㅋ,1
재명이는 대깨문에 아참할 때 이미 끝났다꼬라박을 종목을 고점에 올라타면 어떻게 되나,1
윤가놈 지지율 냄비근성으로 지금이 천장이다계속 내려간다에  원 건다,1
아니 너네는 대체 세계 위의 언혼자유인데 누가 여권의 한 의원인지더 제대로 못 밝히니 이래서 ㅈㅈㄱㅎㄱㅇ 하는 거지 ㅋㅋㅋ 젊은이의 패기도 없고 늙은이의 노련미도 없네 정말,1
반가운데 ㅋㅋㅋㅋ,1
떡검과 국민의힘 둘이 아주 잘어울린다 ㅋ,1
부정선거의혹부터 철저히 밝히고 시작합시다,1
장모님 기대가 커요,1
대깨문 새끼덜 분노가 식을줄 모르누만댓글에 노기와 분노가 배여 있구만 그려허기사 그런 압박을 받으면서도 조국이 가족 다 잡아 똥치 추미애 잡아인자 소대가리 잡으러 검찰도 떠났으니껜산에서 내려 온 호랭이여 호랭이,1
대깨문 새끼덜 분노가 식을줄 모르누만댓글에 노기와 분노가 배여 있구만 그려허기사 그런 압박을 받으면서도 조국이 가족 다 잡아 똥치 추미애 잡아인자 소대가리 잡으러 검찰도 떠났으니껜산에서 내려 온 호랭이여 호랭이,1
호랭이가 내려 왔는데어찌 겁을 안먹겄냐소인배 새끼덜 겁 좀 쳐먹을 것이여,1
드디어 윤석렬이 쫒아내서 시원하겄다 주사파랑 대깨문 새끼덜아한잔 마시구 푹 쳐 자라근데 내일이 걱정이 되아서 워디 잠이 오겄어,1
썩고 곪았으면 도려내고 새것으로 바꿔야 하는 게 정도 도탄에 빠진 백성을 구해야할 사명감 적폐청산으로 국가빚 상환 프로젝트 로드맵이 절대 필요한 시기,1
대구는 왜갔냐 신천지가 밀어준 이회창처럼 되고싶어서,1
감도 아니면서 감나무에 매달려서,1
하고싶으면하는거지 뭐가 문제고 그걸 왜 상관하나 냄새나는 놈들이 걱정하는거지,1
윤석열내가 보기에는 덜 떨어지고 미친넘으로 보임,1
ㅋㅋㅋ 달리 기레기인감 정권 똥꼬빨아준다고 열심히 하네 왜 관공서 광고 더 받아쳐드실라꼬 이번에 그렇게 욕하던 조선일보와 같이 신문부수 뻥치다 걸렸다며 에라이 기레기야,1
쌍팔년도 얘기를 현실에서 꿰어맞추지마라 세월이흘렀고 국민 생각이 바뀌었다이게 나라냐 ,1
민생을 도탄에 빠트린 문재인대통령이라고 단언하는 망언을 기자라는 사람이 이렇게 함부로 써도 됩니까 정말 화가 납니다 그럴듯한 논리인척 끌고가서 결론은 이겁니까 저의가 뭔지 진짜 어이가 없네,1
둘다 박근혜만도 못하게 망가질 껄,1
이사람 저사람 부를 정도의 가치가 있나 소리소문 없이 사라질건데,1
성환용이 네 넘 벗겨진 대가 리 관리나 잘 해라보는 사람 눈이 피곤할 정도다좌파 대 깨 문 종자가 이따위 편파적인 기사나 날리는 꼴을 보니 한 걸 레라는 소릴 듣는기다알것나정권 발가락이 나 빨 아 줄 종자야,1
성한용 점이 맞은 적 있었나,1
불태워 폐쇄해야 마땅한 좌파 홍보지 다운 기사다,1
본인 능력이 없어도밑엣놈 잘 부리면 나라 잘 굴러 간다,1
그럴 일도 없지만 천번을 양보하고 양보하여서결이가 대권을 잡으면가정국회의석 석 진보  석 보수박근혜 탄핵 불만 박사모 명만 가세하면 탄핵국가 대 혼란,1
못 된 버릇 못 버리는 일부 영남들이 있는한 미래가 없다,1
커피홀릭 가짜 시계를 왜 자꾸 광고하냐당신 가짜시계 파는 짝퉁 장사꾼이지,1
저 암덩어리,1
미국 가서 한미동맹 정상화한단다 뭔 자격으로 누굴 만나서 뭔 씨나락을 까잡수려고 간 김에 미제 성조기나 사오려고,1
 아니라도 바로잡아야 할것이 산더미네 책임도 안지고 도망가놓고 뭔 짜증난다 고만 하고 들어가라누구 사주받고 나왔나 의심들게 하지말고 조용히 들어가라,1
주제파악 여전히 못하고있네ㅋ,1
돌아와줘서 고마워요 ㅋㅋ,1
나이 어린 내 조카만도 못한 사회의식과 역사인식,1
군대 안가니,1
황씨 정계엔 나오지 마시오 어이없는 사람이네,1
내일 미국으로 떠난다 큰 목표는 한미동맹 정상화다 한미동맹은 대한민국이 세계적인 위상을 갖추게 된 모멘텀인데 정부가 너무 망가뜨려 껍데기만 남았다는 평가도 있다 정부가 하지 않는다면 내가 나서서 회복시키는 일을 하려고 한다여기서 뿜었다 무슨 수로 어떻게 이제는 과대망상까지 하네,1
오 태극기 부대이승만 좋고 박정희 좋다는 사람들그 시절로 돌아가세요온통 세상을 빨갱이라는 이분법의 극단적의 대명사이런 국수적인 사람만 있을때에는 오직 전쟁만 있을 뿐이다역사는 항상 이랬다,1
풉 당신이 무슨 자격과 능력으로 기본 전제부터 잘못 되었네 한미동맹정상화 그럼 지금 한미동맹이 비정상이라는 이야기 미국이든 우리나라든 책임 있는 당사자 누구라도 지금의 한미동맹이 비정상이라고 하는 사람 있나 그저 모든일에 발목이나 잡으려는 국우 패거리 집단이나 그런 소리하고 있지,1
요즘 경향이 경향이 없나보네 지금 누구랑 인터뷰를 하는지 역사가 어떻게 뒤로가나,1
준석아 니 본업이 뭐고,1
애는 왜 나와,1
국짐당에서 주뎅이 터는거 하난 제대로 배웠내 ㅋㅋㅋ,1
비교도 재미있게 참 잘하셔 거들먹거리는 분들과는 차이가 확연하다 응원합니다,1
이건 뭐 상갓집 거시기도 이보다 나은 대접 받을텐데ㅋㅋㅋ홍씨 가슴에 품은 장부 찢고 들어가,1
전국민 낙선운동 켐패인  지금부터 년부터 집채를 가진자들을 낙선시키고 공무원은 진급을 년간 보류시킬수있는 자를 내년 대통령 당선자이어야 한다 문재인 관리자가 못하니 우리같은 개나 돼지들이라도 해야지 집값오르면 물가오르고 월급오르고 살기가 더욱 팍팍하고 힘들어진다 특히 진보 젊은층들이 에 첨단장비가 있으면 뭐하냐 내집에서 이사피난 안가고 밥끼 먹는게 더 중요하지 ㅎ ㅎ ㅎ 안그냐,1
기자야 글자 교정 좀 잘해라,1
젊은 김웅의원 한번 잘해봐라,1
쇄신의 기회 젊은이들이 나서야 보수가 달라질것이고 나라도 당연히지지합니다 적극적으로,1
구만리 말하는꼴이,1
뭐여 그럼 의원직 사퇴하겠다는 얘기잘 생각했다 박수,1
ㅋㅋㅋ 넌 강릉에서나 뽄대나지어디 누가 알아주기나 하냐네 덕으로 입사한 작것들 잘 있다고 하드냐,1
이 나라는문죄인처럼 파이가 완성되기 전에 뜯어 먹으려 한다면이 나라는 미래가 없다조금만 더 기다리면 파이를 나눌 때가 올 것이다그 때 까지만 조금 더 기다리자,1
좌클릭 우클릭이 문제가 아니라 국민이 원하는 것이면 인정하고 함께 해나가는것이 중요한것이다국민의 힘은  혼령들에게 진심으로 고개숙여 참배를 함으로 국민 화합의길에 한발 더 다가섰고대대들이 민주당에 돌대가리 교육 못받은 무식한 놈들이이라고 인격 무시 할때도공정과 평등이 사라진 조국 추미애 사태 때도 미래 세대인 대대를 미래 세대의 인재들이라고격려 하면서 다함꼐 보듬고 가야하는 미래자원이 대대라고 외쳐준것도 작은 화합의 물꼬였다고 본다무엇이 좌클릭이고 무엇이 우클릭인가 젊은 청년들을 내 편이 아니라고 인격을 짓밟는  정치인들의더러운 사고 방식이 국민들의 정서에 맞지 않을뿐 내가 가진 생각이 옳다고 불통으로 가면 그것이 좌클릭이아니고 무엇이 좌클릭인가,1
원제까지긴 원제까지여삶은 쇠대가리 부엉우 바우 갈때까정이제,1
좌클릭이 아니고 폭넓은 지지층 확보에 주력하는거다 안목이 좁은거니 일부러 흠집내기하려는거니 기레기라는 말이 왜 나오는지 알겠다,1
조선일보 기사인 줄 알았다,1
ㅎㅎㅎ 개가 똥을 끊지 지미 ㅋㅋ 국민의짐이 좌클릭 지나가는 개가 웃는다 참말로ㅋ,1
와 경향신문 거짓말 한다 내가 오명박씨 얘기하는거 똑똑히 봤는데 분명히 쩐광훈씨와 함께 할거라고 했는데 언제할거냐고 물으니까 그걸 어떻게 아냐고 그렇게 말했는데 쩐광훈씨랑 끊겠다는 말 한적 없는데 포장을 그럴싸 하게 하네 거짓경향포장신문이구나,1
김종인이 한 짓은국가를 말아먹은 그리고 완벽한 기득권을 갖고 있는 국짐의 골통 짓을 막고아니 가리고마치 진짜 국민을 위한 것처럼 대충 포장한 것이다 웃긴건그걸 민주당에 대한 짜증때문에 선택한 것그래서 똥인지 된장인지 모르고 투표하는 사태가 벌어진 것이지몇가지 아래 정의와 공정님이 지적한 과오가 있는데 대체적으로 공감하게 된다 조급한 마음이지만 조급하지 않도록 꼼꼼히 살펴야할 것이고그렇다고 너무 절차의 중요성만 챙기면 변화가 더디어서 문제가 되기도 한다국민은 필요에 따라 요구하는 바가 너무 제각각이고 지적 정서적 공감도 다르다이걸 맞추는게 상당히 힘든건 이해하지만 결국 성공한 정부가 되려면 석의 의미를 잘 헤아리고진행해야할 것이다,1
김인호 서울시의장오세훈에게 갑질하고있다 시장이 일못하게하는게 의회의장인가 공무원에게 메일보내서 오세훈에게 협조말라고 협박하고있다 민주당 석갖고 입법 독재하더니만 서울시의회도석민주당으로 의회독재하겠다고 선전포고하고있다 문재인 똥개다 사퇴해라,1
봄날 영구 없다,1
박동운 도돌이병 걸렸냐 일찍 발딱고 약 많이 먹고 푹 자라 정신건강에 해롭다,1
봄바람인가 미친바람인가 밑에 댓글 지금문정부가 방송을 장학해 무슨개가 씨나락 까먹는소리여 조 중 동에 경향 서울신문 세계일보 약가 보수쪽지지하고 있는 상황에서 현정부가 방송을 장확이라 이건 ㅁ ㅊ 소리에 지나지 않는다,1
뻑 제군 자네 에미가 잘 알걸세 가서 여쭤 보게나 ,1
 히히히그 새끼 또옥똑 허네,1
전국은 못잡더라도 서울과 부산의 집값은 박근혜시절로 반드시 와야 한다 니들이 문재인 부동산정책 실패덕으로 당선되지 않았던가 니들이 잘해서 된거 아니라는거 니들 입으로 말했지 만약 집값을 못잡는다면 니들역시 문재인과 별반 다를게 없다는 결론 살고 싶으면 알아서 하거라 집값이 네려가 안정적인걸 원하는 표가 훨씬 많다는거 기억하고 있지,1
비리덩어리,1
오세훈 시장 부활아라뱃길 부활한강에서 낙동까지 대운하 부활허면 리베이트 광맥도 노다지로 부활하는가,1
웃기네 저자리엔 개한마리를 앉혀놔도 당선되는 자리였다 오세훈 찍고싶어 찍은사람이 몇명이나 될까 민주당을 찍을수 없으니 찍은거다 대권 어림반푼어치도 없는 개소리다 ㅋㅋㅋ,1
ㅋㅋㅋ잘 살아봐들사기꾼은 계속앞으로 나갈 뿐이다왜 아직도 사기꾼이 존재할까답은 당신들보다는 항상 앞서 나가는사기술을 고안연기 실현하기 때문이다,1
대어잡지 피래미잡나 진보아니 진상정권은 서민들 즉피래미만 못살게잡는다 기래서 좀스럽다는거다,1
긴도깡 뇌가 썩은게 자랑이라는 천한 틀니 딱딱이그 나이 쳐 먹도록 뭐가 옳고 그른지 분간도 못하는 우리 사회의사회부적응 마이너인생뭐하고 사냐틀니야수구꼴통 평균학력이 중졸이라더만 중학교는 졸업했냐도대체 이런 천한 물건은 아이큐가 어떻게 될까,1
 ㅋㅋㅋㅋ 가깝고도 먼사람,1
잠자는 대한민국을 깨워 일으킨 나팔수박정희오천년 거지나라를 단숨에 뒤집은진정한 진보 개혁인박정희죽음보다 더 무서운 배고픔을 단숨에 해결한진정한 해결사박정희내 무덤에 침을 뱉으라는 소신으로 책임을 지는진정한 리더였든박정희하지만작금의 대한민국에는 진정한 리더는 없고거저 눈치나 보고 쇼만 하고 미래는 없이돈 퍼붓는데만 혈안 쯧쯧,1
 박통때 계란 값이 폭등 했을때 여론이 안좋아지자 박통께서 한마디 하시길 안사먹으면 돼만약 요즘 이었다면 아파트 시세 폭등하면 머라 했을까,1
전라도 대깨문 짱게이들이 좋아할만한 기사네요비웃고 갑니다,1
돈 내려온다 돈 내려온다 우뚜뚜뚜 여기서 돈이란 머니 돈이 아닌 돼지 돈,1
 아마도 이제 날씨는 코로나는 니들이 원하는대로 안될것 같은데 어쪄냐똥줄 타겠군 대깨문들  윤석열은 그래도 정의롭고 공정한게 보이니 니들 내로남불과 차이점을 국민들이 알아본거란거지  ㅎ ㅎ 대 깨 문 진짜 대가리가 깨져봐야 정신차리지,1
사내가 문재인의 더민주가 진보당인가 중도보수에 가까운 정당이지만 진보적 어젠다까지 끌어 안아 범진보권을 대표하는 정당 아닌가 그런 비판은 노회찬이 사라진 후 오히려 진짜 진보정당을 표방하며 국힘당에 밀착하는 스탠스를 취하면서 민주당을 비판하는 정의당에 해라 총선시의 오만과 탐욕이 빚은 전략 실패로 찌그러진 당규모 공천 받을 때부터 논란을 일으킨 젊은 피 류호정의 보좌지니에 대한 갑질 해고 김종철 대표의 성추문 진보의 가치를 제대로 지키고 있냐,1
깜깜한 밤길에 촛불하나로길을찾아 가야하는 사람들은외롭고 힘들고 대부분 주머니도 얇다새벽의 여명이 올때까지 견뎌야 하지만추운 겨울의 삭풍도 만만치 않다그러나배에 기름기 가득찬 백정들은따뜻한 구들장에 사우나 잠을 자고매일매일 힘의 칼춤을 추며개돼지로 취급하는 국민들을끊임없이 도살할려고오늘도 망나니 칼춤은 계속 되고있다그러나 봄은왔고진달래 개나리 그리고 영춘화도어김없이 온 산과 들에 활짝 필것이다,1
  기득권 지키기에 매몰된 민주당은 공정과 정의를 논할 자격조차 없다,1
아빠곰 이 대깨야 문 누구도 법적 구속되기를 같이 빌어야지  에구 대깨야,1
  똥 짜 장 면  똥 춘 장  똥 쥴 리  똥 장 모 ㅋ ㅋ ㅋ  똥 집 구 석 손 대 면 냄 새 남 ㅋ ㅋ ㅋ,1
 평생 우물속에서 썩은물이나 마시면서삽질하면서 개돼지로 사시길,1
 ㅋ ㅋ ㅋ 소설을 쓰네 아직도 조국 꿈에서 벗어나지 못해서 헛소리까지 지껄이네 한심 그 자체다 이런것두 국민이라고 갖다 버릴수도 없네,1
게맛을 알어 가 아니라네가 헌법이 뭔지 알어 입니다내 보기에는선택적 정의 같은 고상한 말 쓸것도 없는무식한 완장에 불과 합니다,1
이러니 우리나라 개그프로그램이 다없어졌지 ㅋㅋ,1
윤석열  국민의 힘 ㅋㅋ 아주 잘 어울린다 ㅋㅋ,1
 거지같은 백수,1
어머니 제가 욕심이 과분한게 안이라 좀 하렵니다저 선주가 시계에 대해서는 약간 인정이 따라 그리고 그 모자는 개인주문에 이미 개인신분과 신용에 선납관련 자금에 있어 상대방의 뭔가를 바라는게 분명합니다시계도 돈에 가치에 있어 그 상응한 현금거래가 인정에 금딱지에 일부보석이라면 은도 좋지만 최저가격이 보장에 모자에 그 브랜드만의 가치성 뭔가 따릅니다 금실이련지바보는 바보라 최상의 인증품에 현금가치에 더 윗돈이라 법정 국제사실 개인의뢰에 따른 현금선납금을 생각한다면 가능해서입니다바보아들이라 뭣도 없어 진짜 자유를 찾아 너무 좋지만 아버지 그리 오신들 친구분도 오시고 다시 만나야만 가능해서 엄마 너무 힘든건 참기 힘들어도 포기는 말아야 언젠가 서로간 보지 안그래 내가 선주인데 너무 힘들어도 다시 보는데 회장만이 산다면 살겠나요 저만 살은들 그게 뭐가 있어 그런 날 여러번 있었어 그게 싫어서 고아원에 갔던 나라건 몰라 아무도  너무 부담보다 너무 힘든것보다 어떻게 다시 다 살여 그걸 나 혼자서 그만하라 엄마가 했잖아 엄마 죽어도 좋다구 난 살아서 뭐햐 형들이나 살던 말던 엄마도 없는데 형들이 나완 뭔가 있어 살겠지만 난 엄마가 없으면 뭐로 살까 그게 사실인데 그걸 왜 생각안해요,1
어머니 제가 욕심이 과분한게 안이라 좀 하렵니다저 선주가 시계에 대해서는 약간 인정이 따라 그리고 그 모자는 개인주문에 이미 개인신분과 신용에 선납관련 자금에 있어 상대방의 뭔가를 바라는게 분명합니다시계도 돈에 가치에 있어 그 상응한 현금거래가 인정에 금딱지에 일부보석이라면 은도 좋지만 최저가격이 보장에 모자에 그 브랜드만의 가치성 뭔가 따릅니다 금실이련지바보는 바보라 최상의 인증품에 현금가치에 더 윗돈이라 법정 국제사실 개인의뢰에 따른 현금선납금을 생각한다면 가능해서입니다바보아들이라 뭣도 없어 진짜 자유를 찾아 너무 좋지만 아버지 그리 오신들 친구분도 오시고 다시 만나야만 가능해서 엄마 너무 힘든건 참기 힘들어도 포기는 말아야 언젠가 서로간 보지 안그래 내가 선주인데 너무 힘들어도 다시 보는데 회장만이 산다면 살겠나요 저만 살은들 그게 뭐가 있어 그런 날 여러번 있었어 그게 싫어서 고아원에 갔던 나라건 몰라 아무도  너무 부담보다 너무 힘든것보다 어떻게 다시 다 살여 그걸 나 혼자서 그만하라 엄마가 했잖아 엄마 죽어도 좋다구 난 살아서 뭐햐 형들이나 살던 말던 엄마도 없는데 형들이 나완 뭔가 있어 살겠지만 난 엄마가 없으면 뭐로 살까 그게 사실인데 그걸 왜 생각안해요,1
윤가는 국짐당한테도 계륵 신세 ㅋㅋㅋㅋ,1
만 나 면 좋 만 친이 이인구 엠비시 무운하와 바앙 쏭오옹시중이 앞세워 가 언론 조질 떄 기자들은 뭐하고 있었지 ,1
분란만 일으키는 초선의원들,1
초선 수준이 왜 초딩수준이냐ㅉㅉㅉ,1
초선들이 당의 지지율이 하락하니까 뭐라도 해야겠다는 심정은 이해하나너무 생각없이 여론에 휩쓸려서 걱정이네요이런 초선들은 어차피 다음 선거때 투표로 심판을 받겠지만 나름 엘리트들인데 그들의 머리에서 나왔다는게 고작 이정도라니 민망합니다,1
나는 일도 제대로 안하고 세비만 받아쳐먹는 국짐이 싫어요,1
대깨문이니,1
이정도면 민주당은  그냥 모지리 정당이다 여당이 야당이고 야당이 여당이네 아이구 민주당아  아이고 모지리들아,1
원칙기냥 말 작난인거지요,1
응  너내에개 합류안할걸 해도 지몸값올리다가 하겟지 ㅋ ㅋ ㅋ ㅋ,1
여기 문슬람들 많네 알바중이니 ㅋㅋ,1
요즘은 다음이 네이버보다 더 적폐언론화 되어있다  무조건 미디어 바우처제 실시하라,1
지지율  올라간다고  촐량대지  마라,1
떡열이 식구들은 처벌 안받나수백억대 사기건은 있는데 가해자는 어딨나,1
동화할아버지는 짜장면 좋아하지왜 앞에서 끌어주고 뒤에서 밀어주니까,1
떡렬이 딱 와닿네춘장떡렬선생,1
표창장이  전정권부패보다 심한가요표창장이 장모 잔고증명서억으로 사기치고동업자 감방보내고돈뺏고그것보더 나쁜건가요극우들 계산법 희안하넹ㅋㅋㅋ,1
역대 최악의 제왕적 정치검사,1
박정희 살아난줄아마도 조심스럽게 예견하는데  니들 등에 칼꽂은 넘은 니들 주변일것 같다,1
그냥그러려니하고 생각순간의 인기는 오래 가지를 못 하는법,1
도데체 검찰개혁 검찰개혁 거리는데 어떻게 하는게 검찰개혁이냐  검찰을 없애면 개혁이냐  검찰개혁의 실체를 말해봐라,1
말같지  않는 소리 작작해라검찰개혁이 제대로 뭔지나 알고 지꺼려라무지랭이정신차려라,1
석 무소불위나 개혁하시지,1
본인이 말하는검찰개혁은 뭘까답변바람,1
이러다가는 호텔 룸싸롱에서 접대나 하던 것이 영부인 되겠습니다,1
ㅋㅋㅋ것이,1
쥴 리 앙대여,1
대박 이게 팩튼가,1
저요,1
쥴 리 와     멧 돼 지 의눈 물 겨 운     사 랑   ㅎㅎㅎㅎ,1
이럴수가,1
그럴리가요돈 워리,1
ㅋ 클날네,1
ㅋㅋㅋ청량리출신도 영부인 될수있다는 이야기,1
ㅋㅋㅋㅋ 코미디,1
나라 꼴 좋겠구먼요 ㅋ,1
최순실이 영부인되는꼴,1
아이제사 쥴리를 알앗네 ㅋㅋㅋ 그런거였어요,1
진짜요어휴 망측해라,1
ㅎㅎㅎ 대박이네요,1
그렇게 쉽게 택도 없습니다,1
빨찌산들  열받것네,1
혜안이  있으시네  ㅋ ㅋ  만만해야   이용 해먹기  좋지,1
공감,1
일베보수의 영웅,1
프로 동감,1
아이고 참이늙은 나보다 더 못하네 이나라가  지금 제대로냐 똑똑 ㅋㅋ,1
ㅋㅋ 박그네랑 이명박 때려 처넣을때랑 완전 평가가 다르구나 ㅋㅋㅋ 니얼굴에 가래침을 콰악,1
육갑들 떨고있네,1
나라 물에 말아서 삼키실분들 아닐까한다,1
딱 적절한 표현 이시네요,1
육갑은 점잖은 말씀이네요꼴깝 떨고 있네 이래야지요,1
지긋지긋 하다 안되는걸 왜 그러는거냐골빈보수들 한테프로 받겠지,1
대깨문이 까는거보니 백퍼 대선 이길듯ㅋㅋㅋㅋ,1
수준미달 모자리들 끼리끼리 잘논다 에레이,1
성완종아우가누구엿더라,1
니 형이 좋아라 하겠다 참,1
성일종은   형   죽음을가슴 아파한다면국회의원직 네려놓고조용히  말없이 있어야  형에 대한도리가아닐까요 ,1
만 나 면 좋 만 친이 이인구 엠비시 무운하와 바앙 쏭오옹시중이 앞세워 가 언론 조질 떄 기자들은 뭐하고 있었지 ,1
분란만 일으키는 초선의원들,1
초선 수준이 왜 초딩수준이냐ㅉㅉㅉ,1
초선들이 당의 지지율이 하락하니까 뭐라도 해야겠다는 심정은 이해하나너무 생각없이 여론에 휩쓸려서 걱정이네요이런 초선들은 어차피 다음 선거때 투표로 심판을 받겠지만 나름 엘리트들인데 그들의 머리에서 나왔다는게 고작 이정도라니 민망합니다,1
나는 일도 제대로 안하고 세비만 받아쳐먹는 국짐이 싫어요,1
대깨문이니,1
이정도면 민주당은  그냥 모지리 정당이다 여당이 야당이고 야당이 여당이네 아이구 민주당아  아이고 모지리들아,1
원칙기냥 말 작난인거지요,1
응  너내에개 합류안할걸 해도 지몸값올리다가 하겟지 ㅋ ㅋ ㅋ ㅋ,1
여기 문슬람들 많네 알바중이니 ㅋㅋ,1
요즘은 다음이 네이버보다 더 적폐언론화 되어있다  무조건 미디어 바우처제 실시하라,1
지지율  올라간다고  촐량대지  마라,1
떡열이 식구들은 처벌 안받나수백억대 사기건은 있는데 가해자는 어딨나,1
동화할아버지는 짜장면 좋아하지왜 앞에서 끌어주고 뒤에서 밀어주니까,1
떡렬이 딱 와닿네춘장떡렬선생,1
표창장이  전정권부패보다 심한가요표창장이 장모 잔고증명서억으로 사기치고동업자 감방보내고돈뺏고그것보더 나쁜건가요극우들 계산법 희안하넹ㅋㅋㅋ,1
역대 최악의 제왕적 정치검사,1
박정희 살아난줄아마도 조심스럽게 예견하는데  니들 등에 칼꽂은 넘은 니들 주변일것 같다,1
그냥그러려니하고 생각순간의 인기는 오래 가지를 못 하는법,1
도데체 검찰개혁 검찰개혁 거리는데 어떻게 하는게 검찰개혁이냐  검찰을 없애면 개혁이냐  검찰개혁의 실체를 말해봐라,1
말같지  않는 소리 작작해라검찰개혁이 제대로 뭔지나 알고 지꺼려라무지랭이정신차려라,1
석 무소불위나 개혁하시지,1
본인이 말하는검찰개혁은 뭘까답변바람,1
이러다가는 호텔 룸싸롱에서 접대나 하던 것이 영부인 되겠습니다,1
ㅋㅋㅋ것이,1
쥴 리 앙대여,1
대박 이게 팩튼가,1
저요,1
쥴 리 와     멧 돼 지 의눈 물 겨 운     사 랑   ㅎㅎㅎㅎ,1
이럴수가,1
그럴리가요돈 워리,1
ㅋ 클날네,1
ㅋㅋㅋ청량리출신도 영부인 될수있다는 이야기,1
ㅋㅋㅋㅋ 코미디,1
나라 꼴 좋겠구먼요 ㅋ,1
최순실이 영부인되는꼴,1
아이제사 쥴리를 알앗네 ㅋㅋㅋ 그런거였어요,1
진짜요어휴 망측해라,1
ㅎㅎㅎ 대박이네요,1
그렇게 쉽게 택도 없습니다,1
빨찌산들  열받것네,1
혜안이  있으시네  ㅋ ㅋ  만만해야   이용 해먹기  좋지,1
공감,1
일베보수의 영웅,1
프로 동감,1
아이고 참이늙은 나보다 더 못하네 이나라가  지금 제대로냐 똑똑 ㅋㅋ,1
ㅋㅋ 박그네랑 이명박 때려 처넣을때랑 완전 평가가 다르구나 ㅋㅋㅋ 니얼굴에 가래침을 콰악,1
육갑들 떨고있네,1
나라 물에 말아서 삼키실분들 아닐까한다,1
딱 적절한 표현 이시네요,1
육갑은 점잖은 말씀이네요꼴깝 떨고 있네 이래야지요,1
지긋지긋 하다 안되는걸 왜 그러는거냐골빈보수들 한테프로 받겠지,1
대깨문이 까는거보니 백퍼 대선 이길듯ㅋㅋㅋㅋ,1
수준미달 모자리들 끼리끼리 잘논다 에레이,1
성완종아우가누구엿더라,1
니 형이 좋아라 하겠다 참,1
성일종은   형   죽음을가슴 아파한다면국회의원직 네려놓고조용히  말없이 있어야  형에 대한도리가아닐까요 ,1
누구든 백신 구해오면 좋겠어요,1
앗 당신도 요청했군요저도 어젯밤 미국 상인 제임스와 통화에서 코로나 백신 억명분지원 요청하여 긍정적 검토 하겠다는 답 들었습니다,1
신천지 부패의 힘  다 있네 놀기 좋컷따,1
그냥 사라져도 되는데 굳이 왜 왔나,1
버블,1
마치 예전에 미국이나 중국으로 조공 받쳐서   허락 받으러 가는 느낌 나만 그런가 아직도 이렇게 살아야 하나 ㅜㅜㅜ,1
재명이  부선후궁에게 쌀가마나 보내라 만원 니돈도 아닌데 헛인심쓰지말고 니돈으로 쌀이나 사서 보내세요,1
오늘 방송도 기립박수 치고 갑니다,1
유익한 정보 풍부한 지식 ㅡㅡㅡ 진짜 좋아요인싸뉴스 보면 똑똑해지는 느낌 ,1
강소장님 너무 귀엽구 존경합니다 ,1
오늘은 주식관련 방송 잘 들었습니다소장님 항상  응원하고 응원합니다,1
뒷배경 암관계없슴다내용만 봅니다소장님의  상식과 밝은 해식을 많이 배우고있습니다,1
리재명 초이 고집이 세다니 답이없음 ㅋㅋ,1
소장님 다시보기 오늘도 파이팅넘치게 응원합니다 건강하세요오뒷배경,1
강소장님 오늘따라 셔츠색이 잘 어울리시네요 좋은 정보와 고급스런 해석 늘 감사합니다,1
투자이야기 큰 도움 됐습니다 개념을 새로이 정립하게 되네요,1
배경화면 북한방송 같음 ㅋ,1
애쓰셨습니다 감사합니다,1
소장님 책장이 젤 잘 어울려요,1
투자이야기  넘 유익하고 재미있어요,1
수고 하셨습니다,1
세준이 너무 귀여워요,1
오늘 배경화면 좋습니다,1
월요일날 에는 등산을 추천드립니다  청계산 추천합니다,1
코인 때문에 전국민이 자본주의자가 되버림 확실한 공산주의 해독제임,1
천천히 하나씩 보여주세요,1
좋은그림 많이 보게되서 좋아요,1
강소장님짬을 내셔서 주식동향과 비트코인류의본질적 문제와 의문을 제기해주셔서 너무 유용했습니다대한민국 최고 브레인이 녹여낸 방송을 소화못시키는아메바들은제발 흐름깨지 마세요단순 무식은 다른 채널에서 인증 요망,1
배울것이 있는 방송,1
우와강소장님 신선으로 환생하셨네,1
앜ㅋㅋㅋ 배경땜시 허경영 삘나욬ㅋㅋㅋ,1
투자얘기 너무  ,1
틀자마자 종교방송인줄 알았습니다ㅋ ㅋ,1
가세연 응원합니다,1
지금 내가 경제학 강의를듣고있는건가 경이롭다,1
배경도 변화있게 하실려구 시도하는  노력  좋아요 더 유익하고 알찬것은 강소장님의 알찬 뉴스가 최고죠,1
첫 시작  뒷배경  ㅎㅎㅎㅎ  품었음 니당   영화  배경 같음 괸찮습니다  배경보다는   내용이  중요하죠  ,1
뒷배경이 일출 일몰 관계없이  너무  어둡습니다,1
투자 얘기는 안하는게 좋을것같아요 특히 해외투자관련,1
거래량의 급증은 돈이 많이 가진 사람이 승리 거품을 산다  지금 주식 가격이 내려 갑니다 이미 삼성에게 기회는 없습니다 나라의 국운은 이미 기울었습니다,1
전 배경이 그냥 책장이 정말 안정감있고 너무 좋은데 왜 배경을 그렇게 하시는지ㅜㅜ,1
유튜브에서 배인재 검색하면 재미있는 주식전망과 영어 배우기 동영상 있어요,1
가세연는 왜 항상 다른 체널보다  최고로 볼륨을 크게 해도 작은 가요,1
차라리 걸지말든가  보내준 사람 성의를 무시하나요  걸어놓고 까기는 아닌듯요  저 저런사진 종류 별로 안좋아 하는데 저 사진은 괜찮은데요  왜 그래요,1
강용석 변호사는 계속 달리면 코가 문제고 좀 쉬면 입이 안 풀린다암튼 마 욕 봅미데이,1
아고 바탕화면이 북한방송 같아요  ,1
강소장님 코인 안해보신 티가 너무 많이나세요 코인 공부해보시고 강의주시면 어떨까하네요,1
광화문 세력을 외면하지 말아야한다황교안이 답이다,1
복귀 환영 합니다시골집 푸세식 화장실에 개똥 몇 덩어리 던졌다고 머가 바뀌겠어요어서오세요그리고 진정한 흙탕물 기대 합니다화이팅,1
오년동안 전월세로 살다가 분양받거나 여의치않으면 다시 전월세로 오년동안살수있는 아파트 입니다 분양조건형 임대아파트를 건설 해라,1
황씨 한번더 부탁 드립니다 ㅋㅋㅋㅋㅋㅋㅋㅋㅋ,1
대통령대행시  대처 찐 잘했으면지금의 대한민국의사태가 이지랄은 아닐텐데그때의 절호의 기회를 말아먹고 이제 뭘나오시려고,1
황교안 아직도 정신 못차리네 민주당 맨인가 국민의힘 말아 먹을라고 나이도 있으신데 집에서 편하게 지내세요,1
항상  감사합니다 수고  많으셨어요,1
칠만돌파를 염원합니다,1
우리 차의원님 같은분이 많이 있어야 하는데감사합니다 ,1
헌법 재판 판사들이 한국의 최고지성이라는 한심한 판결 이라 못하고 인용한 이저질 판사들 반드시 처벌하고 연금박탈 해야하고 역사의 법정에 세워 단죄해야 합니다 은혜도 모르고 나라의 역사와 운명을 조잘내는  판결을 재판이라고 해대는 수준미달의재판수준미달의 지성을 한탄 합니다 만고역사의 한을 만든  판례를 한스럽게 생각합니다,1
최재형 만세,1
수고가 많으십니다,1
미국은 백신이 남아돌아 백신 맞으러 오라고 하루에도 여러건 문자가 옮 어제  사러 라는 미국의 대형  에 갔는데 구내 약국에서 손님중 원하면 명 즉시 백신 접종 가능하다는 안내 방송이 나옴 내 주위 지인들 다 접종했고 부작용 별로없움 심지어 불법체류자도 접종했다함,1
  뚜벅뚜벅 가네요 구독자 만 갑니다,1
땡큐,1
화이팅합니다,1
ㅈ,1
개헌해가 그 자리 더 앉아있겠다할까봐 겁나네예  ㅋ불에 데어 봐야 불인 줄 아나보네예  ㅋ전교조 민변을 대하는 우리 국민의 자세라,1
이 사람도 한게 없긴 마찬가지띄우는 이들은 저들편이다,1
황교안은 진짜 은퇴 바랍니다 야당에 그간 너무 실망했습니다,1
최재형장로님 교회 장로님이십니다 하나님이 함께합니다 여러분도 예수믿으셔요,1
윤희숙의원님 여권 좌파들과 슬기롭 게 당당하게 잘 싸워 주셔서 감사합니 다 응원합니다 화이팅 ,1
최재형을  홍보하는 일이 급선무다 국민들이 제대로 알아야 하기 때문이다 제대로 몰라서 허위선전선동에 좌파에 넘어가서 나라가 망했다,1
모처럼 관심갖고 들어 봤는데요너무 주제가 분산되고 시간을 소모해서 지루합니다 원고를 미리 준비해서 분분 정도로 정곡을 찌르는 요점을 전달 하심이 좋을것 같습니다이사람 저사람 언급한사람만해도 명 정도 돼는데요주제가 분산되고 너무 지루합니다길게 한다고해서 좋은건 아닙니다차명진 의원을 응원 합니다,1
이장님  저 와씨유 황교알 까고  갑니다 ,1
에헤이망둥이도 뛴닥 ㅋㅋㅋㅋㅋ,1
미국가서  머리숙이고  손바닥좀  비비다 올라고  근데  만나줘야 손바닥도 비벼볼건디,1
언제나 사이다   감사합니다,1
지지댓글이없데ㅋㅋㅋ,1
조현천이 만나자고 했나,1
대북전단 열심히 날리겠다고 말하러 가나,1
복당하면 판이 확 바뀔까봐 안받는 겁니다 지지율이 오를까봐,1
차명진 말이 맞다,1
화면 뒤 배경을아름다운 우리나라 풍경이 더 좋을것 같아요,1
응원합니다 속을 파악해 봐야합니다,1
차의원님과 동감 입니다ㄷ,1
책임정치 정치인의 책무에대한 명강연 감사합니다,1
침묵이 길었네요,1
늘 재미 있고 소신있는 계몽에 감사 합니다정치는 소신을 설득한다는 생각에 전적으로  찬성합니다계속 좋은 말씀 부탁합니다,1
맞아요,1
나도 그말할려고했는데 중국배경빼주세요,1
맞소 그때 공천이 잘못임 홍책임 아님,1
서울대 출신들 어느정도는 미친 사상의 이념을 가진 쉽게 예기해서 간첩이란거지,1
예제 하지마시고예의를 갖추어 말씀해 주세요,1
 나는 점심 밥값을 안 내요 곧바로     님이 등장ㅋㅋㅋ,1
시원한 정론 감사합니다건강하세요,1
차명진 전의원님  화이팅,1
때 여성비하가 아니고 접대부 끼고 술마시다 임수경이 한테 걸려서 개쪽당한거져ㅋㅋ 명진의원님 몸사리시네,1
황교안이 드디어 미쳤네,1
똑똑한것이 문제가 아니라 이의 이념이 문제 아닌가,1
맞아요 문재인이 보수우파라면 좋을텐데 하는생각도해봤습니다 밀고나가는힘 우파도 좌파처럼 똘똘뭉쳐야성공,1
주사파는안돼 안돼지요,1
요즘은 왜 대모를 안하세요 나라가 이모야인 돼,1
국민의짐당  해체가 답이다 민주당중대기때문이다,1
국민의힘 에 이렇게  말많은 이유가  민주당   끄나팔 이  국민의힘  국회의원 으로  들어온  이들이   있는거야,1
김무성과 유승민이는 국힘에서 자진 탈당하거나 아니면 출당시켜야 합니다 이 두자는 국힘 당원은 물론  야외에 있는 보수 우파들도 쓰잘대 없는 자들이라 생각합니다 두 자가 탈당하거나 출당 당하면 따라 나갈 자 있겠으나 이 자들이 나가면 국힘의 지지율은 더 상승되고 중도층도 대거 지지할 겁니다 중도층이나 심지어 진보층이라는 사람들도 진보라고 민주당을 지지했더니 나라 망치고 제 편만들고 국민을 무시하고 지들의 실속만 채우며 불법과 위선을 거침없이 하고 있다며 돌아서고 있으니까요,1
차명진 다시  시작해라전희경 대 환영 투쟁꾼들 다 모여라힘으로 해야지 말로는 안통한다광화문 태극기 애국세력들 모여야  대깨문들  민노총애들 박살내야 한다국민의 힘 정신차리고 이제 감을 잡았나보다김기현 잘 한다,1
북으로 보내세요,1
황교안은  어깨에 힘이 너무 많이ㅠ들었으면서 얍삭하다,1
탄핵 주도세력 반성하고 정계은퇴 하는게 정답이다 탄핵도 개판분전 인데 보수 분열은 잇따른 다른 행태의 더 나쁜 뻘짓이다,1
왜 주사요이북놈들에게 우리가 배울거 있소 그놈들 우리보다 잘하는게 있소 자유만주주의가 북조선 주의보다 나은게 증명 된지 한참 지났는데  왜그럽니까 그렇다면 우리가 흡수통일함이 맞죠 송일파가 그리 생각해야 정상인간이 아니오 북이 도덕적 인권적하나도 나은게 엄소,1
두분 감사합니다 힘써주세요,1
응원합니다 ,1
미국 방미 좋은 성과 있음 좋겠어요 언제나 응원합니다,1
인터뷰 해주신 회장님 선견지명 있으신 분이시네요좋은 말씀 너무 감사합니다,1
이재정참 못됐네 다시영상보니깐요,1
논술왕 김거희님 존엄 홍준표의윈님에게는 진주이고 보배입니다내나이 대 중반이지만  많은것을  배우고 익혀 갑니다감사합니다,1
감사합니다 김거희씨헌법재판관들 모두소환처벌해야한다,1
그렇지요,1
주호영 나경윈 왜 안돼,1
저는무조건 홍카콜라,1
운동권출신국회의원및고위공직자  니들은삼성가사람들  만큼  이나라를 위해서 공헌한게 많다고 생각하나뭐했냐 니들은 이래놓고 법은 지들멎대로만들어서 기업을 옥죄는거 보면속이 뒤집힌다,1
사회주의 이젠  끝이네요,1
구라구라 뭉구라,1
총선 공천 파동 황교안 안돼,1
정치가왜이렇개 흘러가는지 개탄스렇구나 나는다살았지만 나에손주들미래에 자식들 걱정이구나 ,1
매번 좋은 정보 고맙습니다,1
 환상조합,1
자녀들 볼수있는 미국만화영화입니다      ,1
착하게 살고 욕심버리고 이웃돕고 사는 세상 언제쯤 올까요 국회의원님들께 묻고싶어요,1
  그분들 어려워요 어려워요하시는 말씀에서우쭈쭈 같은 느낌을 많이 받게되네요그런식으로 계속 가시면안타까운 결과만 있을 듯 하다 생각됩니다,1
황나 환상적인 콤비그시절 멋진모습 다시 한번 보고프다ㅎㅎ,1
ㅋㅋ 도로 꼴통당 되어가네 ㅋㅋㅋㅋ,1
환상의  콤비늙은 똥파리떼들은 격하게 환영할것,1
ㅅ,1
서병수 의원의 말씀이  맞는거같아요 무성은 겁쟁이 비겁한자로 볼수있죠,1
 너그나 잘해라,1
ㅓ ㅜㅡㅜㅡ,1
황씨나씨 ㅋ,1
황의원님은선비기질아니기질송구합니다이제는실수하시면안됩니다믿습니다의원님만믿지만국민백성희망주셔야합니다하나님살아게신하나님이지케주실것을믿습니다아멘,1
일배가 뭔지 어떤사람인지 알려 줄수 있나요잘 몰라서,1
황나발은 절대  안보고싶다,1
국민의힘은 알아야한다 먼저 부정부패에 관련이있는 모든 국회의원들을 탈당시켜라 그리고 개혁해라   그래야 살아남는다,1
야ㅈ무슨 양강은,1
뻔뻔당 황나 환상콤비,1
치욕의 역사 친일제거 못한 민족의 서러움,1
왜이리 밥맛일까  신지호 저 사람  ㅠㅠ,1
도루묵,1
최근 이미  도 더민주당 떠날까 고민중임   현정당중 새로운 인물이 나타나면 그쪽으로 쏠릴 가능성 매우 높음,1
나경원 기본 자세가 아니다엄청난 왜고 청치를 하고 계신다 누가 나경원이,1
도로아미타불 도로개누리저얼골들을 또보나,1
국힘 제발 도루무탕 이제그만 황교안 나경원 씨는 국회 밖에서 힘을 허시구요 초선들에게 자리를 양보 하세요 국힘에 계속 지지 하는것두 이젠 한계에 도달함 요번 서울시장두 오세훈이라 뽑은거임 제발 각성들 하셈,1
요즘  젊은이들은  미래로  향하고  있는데  구시대적인  김종인은  왜  자꾸  소환을  하는지  모르겠다  과거의  뇌물은  세월이  지나면  죄가  안되는지  묻고  싶다,1
나경원하면  내 귓속은  지나치게  저질스런  악질  발언과 선동이다  이 사람  국민앞에  나타나지  않았으면  한다  비호감  이  너무  쎄다,1
대깨문 천지내,1
보수당이라고 할거면 매국보수당이라고 붙여주라 민주당이 보수당 우리나라에 좌파당은 없음,1
도로 한국당 나경원 진짜 보기실다,1
그렇게 가셔요 그러면 선거 결과가 뻔해지겠네요국민들을 바보로 아나봅니다 머리가 나빠서 기억력도 나쁜줄 아나,1
그럴리가 없을태지만국힘이정권잡으면도망갔던자식들다들어와나라망친다,1
년 일본의 독도 초계기 도발 또 일본의 경제공격이 있기전에 일본이 일본을 향해 북핵미사일 발사를 포착했다고 일본언론에서 속보로 때렸었죠 그런데 미국의 정지형군사 위성이 한반도 상공에 있다는걸 몰랐던 모양입니다 ㅋㅋㅋㅋㅋㅋㅋ 바로 한미연합사에 속해있죠 일본은 분후에 사과없이 정정보도함 미일연합사는 없죠 주일미군은 점령군 형식이니 일본에 보고할 필요도 없고 그래서 일본은 한일지소미아로 한국군의 미사일탐지를 바로 보고받도록 했던거죠 ㅋㅋㅋ 미국이 북한 미사일발사정보를 일본에 진작 줬다면 한일 지소미아를 그렇게 일본과 당시 새누리당이 원하지 않았겠죠 트럼프는 그럼에도 북핵을 미국안보로 보고 계속 북한과 대화시도했죠 괌 사이판 하와이까지 올수도 있으니 ㅋㅋ바이든이었으면 전쟁 낼 분위기였음황교안 ㅋㅋㅋㅋㅋ 한일지소미아 파기하지말라고 그렇게 황제단식시위했던거 생각나네 일본 극우들도 일장기 들고 설치고 ㅋㅋㅋㅋㅋ,1
개들이 설설 나대기 시작하는구나,1
민주당 식으로 소설을 쓴다,1
황교안 개인적으로는 좋은 인물이나 귝민들의 지지를 벋지를 못하니앞에 나올려고 하지말고 뒷편에서 조용히 야권의  승리를 도와주면 되고 그렇게 해부면 좋겠다,1
민주당     잡으려다    다 놓친다  왜  정치판이  이모양이  되었는지  한심하구나,1
김무성 초등 학생 이냐 전라도 가면 무성이 표 많이      나온다왜 ,1
시끄럽다  우선 일본국은 이기자 끝 ,1
전국무총리황의원님건강하시고저는신부님황창연신부님을더많이존경합니다송구합니다거듭죄송합니다항상하나님의은총을기도하면서아멘,1
개혁해서는안됩니다절대개혁은안대요,1
황교안나경원승리하세요 광화문에서 고생 많이 하셨 잖아요 삭발하고 금식 하고 입원도 하고 수고 많이 하셨어요,1
도로아미타불 한국당파산해라,1
계엄령말도 안되는 소리만약에 그 때 계엄령이 진행되었다면 국란 사태가 일어났을 것우리 현대사에서 가장 큰 실수는 박 그네의 대통령 당선그 여자가 그렇게 무능한 여자인줄은 정말 몰랐다,1
남자로서 목소리가 너무싫어 전형적인 사기꾼같기도하고예휴,1
황나 비호감 두사람 모두나와라 국민의힘 지지율 더떨어지게큼,1
다른의원을 몰라도 조응천은 민주당에 민폐입니다저는 전국대의원을 조의원삼실에서배제시키고 밴드에서도 카톡에서도 초대를 안해주고 있씀니다저는 년을 당적을 두고있으면 누구보다 당을사랑하면 제가입당시킨 당원들은 백명이넘씁니다조응천은 민주당을 떠나라,1
민주당 지지하는사람들은 잘들 들으시고 깊이생각하며 분석들이 하시라 저쪽 사람들이 이지사를 옹호 한다   왜 일까  ,1
황교안씨 한미동맹 자네가 신경 안써도 된다,1
도로새누리당이라도더불당보다는번낳다,1
조응천의원 말씀이 맞다 선거는 민주당만 하지않는다 강성이 온건성으로 바뀌어야한다 젊은이 들의 마음을잡아야한다 국힘당이 좋아서가아니라 민주당이싫어서 찍어준거다 민심을 잡는사람이어야한다,1
무조건 정권교체 만이 살길이다나경원 홧팅썩어빠진 친문 양아치들 몰아내야나라를 바로 세워야 합니다,1
검찰 수사권 아니 차 수사권 박탈이 헌법 파괴 라고라 ㅋㅋㅋㅋ 난 전라도 아녀,1
여자 박그네ㅡ황세모 ㅎㅎ여전히 아리송송미꾸라지 답변 ㅋㅋ어떤 국민을 본다는건지,1
김태년 패널을 바꾸시요빨판에 찌그러기백상어표현과 분석의수준 미달이다,1
와 대리충 이제 인지도 쩔어서 쭉 국회의원 해먹것네 ㅋㅋㅋㅋㅋ,1
모르는게 정상이지 ㅋㅋ 모르는게 정신건강에 좋음,1
과거 행실을 보면  앞이 보이고 역사를  알아야  미래가 보인다,1
흔들리는 교안속에서 근혜향이 느껴진거야형 나오면 진짜 진다 진짜 가만히 있어야하는 양반,1
그거슨 에서 부터 웃김 ㅋㅋㅋㅋㅋㅋ,1
오우 메인뉴스 시청률이 프로도 안나온다는 그 전설의 뉴스,1
이러니 개그맨이 설자리가 없지 호정이 저거 다음엔 국짐당 들어가겠네 하는짓보면 국짐 소속이다,1
ㅋㅋㅋ 맨날 표현이 잘못 전달됐다고 하더니 이제는 반어법이래 ㅋ,1
대리의원인데스 ㅋㅋㅋ,1
저  목소리를 또 듣다니ㅠㅠ,1
류호정이 누규 ㅋㅋㅋ,1
분발하겠다가 더 황당하다,1
둘다 모지리들ㅋㅋ,1
찐따황씨께서 할수있는건 아무것도 없어요 ,1
나는 나왔으면 좋겠다 그래야 현실을 깨닫지,1
맞습니다,1
황나땡 시즌 ,1
호정아 나 플레좀 보내주라 ㅠㅠ 만년 골딱이다 ㅠ,1
니가왜 거기서나와노래가생각나네 ㅋㅋ,1
교안이 아직 살아 있네,1
석두같은녀석들,1
지한테뭐라하면 빼에에엑되는게 어리긴하네,1
니들도 보여주려고  방송하고있으면서아예 방송자제을 보여주지도 말라,1
도로황,1
잊혀질 사람들,1
유호정 어다의원  당나라 의원 ㅋㅋㅋㅋㅋㅋㅋㅋㅋㅋ,1
황교안이 재등장하면 민주당 내년 떡상한다 ㅋㅋㅋㅋㅋ  그냥 맨이야 그리고 류호정같은 애들은 누군지 몰라도 된다 어차피 사라질애다,1
저딴 거 묻지마요,1
유호정이 누구지,1
ㅋㅋ 모지리,1
그냥 웃지요 둘 다 할 말이 없어서 ㅋㅋ,1
도로 한국미래누리통합당,1
자기가 판단을 해야지  책임은 무슨책임 참답답하다,1
조밥들 싸움 개웃기네ㅋㅋㅋ 무임승차 찌질이와 국회의원 한번도 못해본애끼리 개싸움 ㅋㅋ,1
뇌가 없다  ,1
사과는 무슨 사과야 페미에 사과하는 정치인은 우리에게 필요없다,1
ㅋㅋㅋㅋㅋㅋㅋ 에혀죄인이라며 그만해좀 ㅠㅠ,1
백번맞는발언입니다 최영일 평론가님,1
둘다 진짜 싫타ㅜㅜㅜ,1
걍 닥치고 있어 똥뿌리지 말고,1
황이랑 미친 먹사 소환해라,1
황교안은 어디 의원아맞다 국회의원도 아니시지ㅋㅋㅋㅋ,1
정의당 ㅋㅋ 이제본색 드러내네 ㅋㅋㅋ 국짐 중대 ㅋㅋㅋ,1
패션쇼만 하니까 인지도가 없지국회를 바꾸겠다는게 겨우 복장 바꿀려고 국회의원 하는거였냐,1
노동자를 개로 아는 호정이 아직 세금타먹고있냐,1
심상정이가 이미 국짐당이구나국짐당과 손잡았네 ㅋㅋㅋ,1
둘다 딱히 호감은 아니잖아,1
교안씨 그넝 목사안수나받으시죠  ㅋㅋㅋ,1
그냥 가만히 계세요,1
류호정 저거 대주고 비례번 달았다,1
황교안을 누가찍냐 물어보는 자체가 농락인가  대단해,1
교안이 나와주면 민주당은 땡큐쥐,1
황교안은 지금 민주당을 도와주기 위해서 온 것입니다,1
현재  민주당의원도 교체 국민의당 의원도 교체 해야됨,1
둘다 병맛들,1
헐 황 미필 왜 또 얼른거리며 설레발 까는거여 노망이 난거여 아직 똥 미련이 나은거여  닭똥 옆에 아직 안간거여,1
황교안 ㅋ 류호정은 폐미겜순이이고 폐미당이야 ㄱ,1
정의당 참패 원인 페미 이대 출신 대리게임 류호정,1
꼰대들의 특징이지,1
뉴스반장 늘 응원합니다 ,1
유익한 방송 뉴스공장 김어준총수 포에버,1
살아서는 답이 안 나올 방사능들,1
우리가 김오준이다파이팅 지킨다 ,1
보통상식을 가지고 있는 저로서는살려준것에 감사하며 평생반성해도 부족하다,1
굳이 애써서 지키려 말고 그냥 지들이 원하는 그리고 들이대는 그잣대 그대로 모든 방송과 진행자 출연진에 적용시키는걸로 갑시다그게 더 확실하다 생각합니다유야무야 말고 확실하게 받은대로 돌려주면 될일입니다,1
도루 자한당ㅋㅋ,1
함께 합니다 ,1
우리가김어준이다사랑합니다,1
아마 김총수는 누가 누굴지켜 라고 할거임 하지만 그래서 우리가 더 김총수를 지켜야 함 최일선에서 우리를 지키는 사람을 버려두면 결국 우리가 당합니다 간악하고 잔인한 친일 매국세력 적폐들에게서 우리의 울타리를 지키지 못하면 결국 우리가 당합니다 자 드가자,1
미친 것들  자기들  선거에 이용해 놓고 이제는 나몰라라하는 국개들  한심하다,1
김공장님 절되로 김재동 처럼쪽겨 나시면 안됩니다힘내세요,1
명바끄네는 누구든 죄를지으면 벌을받는다는 매우 좋은 본보기로서 이미 국민통합에 아주 큰 도움을 주고 있다고 생각하는데,1
우리가 지키겠습니다 응원합니다,1
슬기로운 감방생활을 하게 둬,1
돌아와 줘서 감사합니다   많이 기다렸어요,1
꼭 지켜야 합니다김어준씨 힘내세요우리가 있잖아요,1
라디오 앱으로  고정해 놓고 볼륨 크게 틀고 다닐랍니다,1
힘내세요,1
세기독립군 김어준 쫄지마 문어 지지마  매일 뉴스공장으로 아침을 시작합니다 실시간 응원합시다,1
상식을 갖은게 아니고 상식이 없구만,1
걍김어준총수방송국 차리죠ㅋㅋ아예진짜 기자들뽑아서 자발적 기부금들로 진짜 기사 쓰는것도좋을듯해요어차피 광고사업도 들어올텐데,1
저 나배들이 멀또 망거뜨일려고 미친 저것들때에  현실에서 아니거든요,1
최인호 이사람은 대체 왜그렀게 김어준 을 못잡아 먹어서  안달인지,1
시원하게 듣고 있어요 ㅎㅎ 최고 ,1
와 조수진이 저런말을 했다고 민주당 비홍익익간 민형배를 포함한 시민 간지 보고있나,1
언론계획이 시급합니다,1
나황 연합군이 아니고나황 엿합꾼이다,1
도로 새누리당은 우리가 개혁입법을 통과시킬 수 있는 기회입니다,1
정신 똑바로 차립시다,1
저 여자 사진은 짧게 아니 사진 없이 보도하면   더 좋겠습니다,1
박근혜 이명박 전대통령은 깐방에서 썩어야 한다고 생각합니다 진심,1
죄의유무그럼범죄자들도 그냥풀어줘야지,1
뉴스반장  뉴스공장 응원합니다 ,1
대구 사람이라도 김어준엄청좋아하고 신뢰합니다우리 다같이지켜주고  힘내요 ,1
낙연이는 저멀니꺼저라,1
국민의짐괴물당야취위야할쓰래기들온괴물짓다하기에코로나로국민은고통당하고있는데너희인간들탐욕과궐력에미친개돼지못한괴물정신으로저치한다고너희인간들은그정신으로은절대정치해서는안될취워야할쓰래기들이야그래야만어둠과죄악에서벗어나밝은사회가되어세계을빚을수있기에개혁히필요하다는것을나라걱정되고밝은사회로가기원하신다면공수처가통가되었기에개혁해서밝은사회가되어정직과성실하게더블어잘사는나라되기위해서우리모두국민분들마음모웁시다그리고요번만을하나니이땅다스리을전세계보여드리기위해서대통령분은전동연씨을세우는길만히재아멊히살길이아닌가생각합니다코로나로전세계을움직이는하라님뜻히있다생각합니다하나님히모든영혼들어둠과죄악에서벗어나구원하시기위해서하시는일이아닐까생각합니다한국을사랑하셔서개혁해서하나님공의와정의롭게살다면이나라전세계로ㅡ쓰임받지않을까생각합니다,1
어준총수가흔들릴까요그럴리가,1
ㅡ,1
민주당 국회의원들은 뭐하고있는지우리편 지키기에는 손놓고 외면하고 지혼자 살 궁리만 하는것은 아닌지 정권넘어가면 즈그는  괜찮은거로 아는지 참 답답해  죽겠구만  다들 정신  차리세요,1
김어준 뉴스공장 지킵시다,1
조수진의원 자진사퇴하라 건방이 하늘을 찌른다 의원자격 박탈 하라진정한 언론은 김어준뉴스공장 딱하나,1
뉴스반장 ㅡ홧팅,1
저런  범죄자들이  또 나온다고검판사는 뭐하냐 패트 재판 안할거야 년 동안 세금 쳐 받아먹으면서 놀고있나 검판사  모두 한통속이니 저것들이 기고만장이지,1
맞아요 우리는 김어준 씨를 지켜야합니다 그는 정의로음이 있기 때문입니다 년생 김인선 씀,1
국짐당이 김어준 퇴출에 집착하는 이유도 실질적으로 그가 몇개의 언론사 역할을 넘어서는  영향력을 가졌기 때문이다 언론 개혁만 하면 모든것이 변한다 이것은 내 아버지가 보수 언론의 간부셨기 때문에 어린시절부터 옆에서 언론이 얼마나 무서운 권력을 지니게 되는지를 체감했기 때문에 자신있게 말할 수 있다 개인적으로 김어준이  손석희씨보다 더 나오기 힘든 인물인것은 그가 조직의 덕을 보거나 눈치를 보지 않는 한 자유로운 개인이기 때문이다 방송국에서 쫒겨나도 낄낄거리며 할 이야기를 할 수 있는  이유도 그의 자유로움  때문이다  환관 조고가 지금의 조중동 이하 범죄 언론이다 사슴을 말이라 칭하라 기사를 돌려대면 실제로 많은 사람들이 기막히게도 사슴을 보면서도 마치 사이비 신도들 마냥 말이네요 생각하게 된다 난 실제로 전역을 하고도 병장이 사병 휴가를 회의로 허락한다는 기사를 믿는 많은 사람들을 실제로 보았다 서울대를 따지는 이 대단한 학력 중심의 사회에서 지방 어디있는지도 모르는 하위권 대학의 표창장으로 의사가 된다는 코미디를 지금도 수많은 사람들이 믿는다 언론개혁에 모든 역량을 집중해야한다 언론을 개혁하지 않으면 어느 순간 다시 전두환 이명박 박근혜 시절로 돌아가게된다,1
루저들모여서 모할라꼬  개그프로 컴백하기 더 힘들어지네 ㅉㅉ,1
아이고나베황그네 ㅋㅋㅋㅋ고맙다석 알등공신 ㅋㅋㅋ,1
ㅋㅋㅋ어준이를 신다게 때리면서국짐이 뭉치는 것은 누가 책임지냐,1
오 지발 국짐당에서 깽판치길,1
적폐들아 그러게 할일들이 없냐,1
입다물어라,1
김어준총수는  반드시 지켜야 합니다 우리가 김어준이다,1
김어준총수님  빈드시수호해야합니다뉴스반장 화이팅입니다,1
개소리 하지마라그럼 교도소수감자들 다 내보내야 된다,1
조수진 입가 보탁스맞았나 아님 필러 넣나 사진보니 웃입실이 ㅎㅎㅎ,1
가면만 썻다벗었다노답이네요흔들리는 가지들도 노답,1
후 검찰개혁도 못하고 선거도 지고 집값도 못잡고 언제까지 지지해야되요,1
언론개혁 없이는 정권재창출도 없다,1
도로 새누리당  ㅋ 폭망 각,1
국짐들 다 꼴보기 싫어 그렇게 나라의 어른 이 잘못했으면  반성을 해야지 잘못을 해놓고 잘못을 모른다면 그당의 국회의원들도 한심 또  한심들 하오,1
대한민국 유일한 팩트 체크 기반 참 언론인 뉴스공장김어준 총수를  지킵시다 국민 청원완료합시다 민주당은 현 불법적인 마녀사냥식 언론탄압 사태에 대응하라,1
서울시장  부산시장을 잘못뽑아놓니 나라가시끄럽네  자기들 비리를덮으려고하는건  아니긴가요,1
개언론 다 합쳐도 김어준  한사람 못 이기지 ㅋㅋㅋ,1
미디어 바우처가 기본소득보다 낫습니다 국민편에 서지않는 공중파  시청료 폐지하고 조중동 잡을 비법 미디어 바우처 만원 지급하라언론개혁이 곧 검찰개혁입니다,1
어이 똥누리 똥이나싸라,1
어준이 없으면 민주당 도 없다 어준을 지키자 ,1
작금의  석은 스만트 폰이 보급되기 시작한  년 전으로 돌아가 보자 김어준이 나는 꼼수다 멤버로 서민과 분노와 실의에 잠겨 있던 시민들에게 한가닥 희망으로 기쁨을 선사 하면서 때마침 경찰과 마찰의 빌미를 끊고 촛불을 들기 시작했고 나꼼수멤버들과 지지자들이 스마트폰  미디어에 토픽 이슈를 차지하고 이것은 촛불의 원동력으로 순식간에 일어난 일을 민주당은 잊지 않았겠지요 ,1
김어준 우리가 지킵시다널리 널리 알립시다,1
요즘은 팩트 폭행해도 죄인가봄 ㅋㅋ 자기 좋은 말만 하면 공정한 보도다 자기한테 불리하게 말하면 편파 보도다 웃기는 국짐당 짬뽕들 ㅋㅋ,1
민주당아  이제 니들이 총수좀  막아줄때도 되지 않았나,1
민주당은   목숨걸고 언론개혁 하라,1
네이버 다음 포털을역사를 왜곡한 매국보수들이 장악해버렸습니다 이대로가다가는 조중동에의해 민주정부 무너짐니다포털에 가셔서댓글을 달아주세요,1
국짐당 민심이 조금 나빠진다고 안심하고 성찰하지 않는다면 우리나라의 미래는 어두워집니다 민주당에 씌어진 친페미 프레임  그리고 실제로 실행되고 있는 정책들인천페미니즘 소모임 지원사업 서울 시스터즈 키퍼스 등 권인숙의원외인이 발의한 성인지교육지원법안 등 실제로 민주당과 페미니스트는 아주 가까워 보입니다 대부분의 일반인들은 조 성인지 예산에 도저히 수긍하기 어려울 뿐만 아니라 혈세낭비라고 생각하고 있씁니다 또한  이런 모습들에 대 청년들은 민주당에 들을 돌리고 있습니다 사실 페미니스트는 여가부와 학계를 통해 이미 거대 권력이 되었습니다 페미손절 여가부 페지의 수순을 밟는다면 민주당은 다시 일어날 수 있습니다 페미니스트 사상은 이미 뉴질랜드를 무너트린 참 나쁜 사상입니다  페미니스트들이 추구하는 것인 여성혼자 잘 살아갈 수 있는 대한민국입니다 출산률이 얼마전 조사에서  세계최하위라고 하죠 이것은 정권을 잡고 있는 민주당의 출산정책방향을 대폭수정해야 한다는 매우 급박한 신호입니다 이럼에도 페미니스트 대통령을 선언한 현 대통령 페미니스트와 손절하지 않는 민주당은 국민의 공감과 지지를 받을 수 없습니다 대가 기기를 가장 잘 쓰는 세대입니다 매일 보는 네이버 다음 여론 민주당에 대해 최악입니다 원래 그런 곳이라고 무시하면 큰코 다칩니다 친페미 프레임 반드시 벗어나야 합니다 국가에 하등의 도움도 되지 않는 페미니즘 언제까지 추종할 것입니까 언론개혁 사법개혁하라고 준 석으로 제대로 활용하지 못하고 교육기본법 개정안에서 홍익인간을 빼는 엉뚱하고 개탄할만한 행동을 하고 있는게 민주당의 지금 모습입니다 한심합니다 친일 종편을 문닫게 했습니까 집중했다면 충분히 닫게할 수도 있었다고 생각합니다 지금까지 뭐하고 있나요 조중동은 서슬 퍼렇게 가짜뉴스를 양산하고 있는데도 뭐하고 있는지 모르겠습니다 사법개혁 정신 똑바로 차리고 제대로 하십시요 조국 일가에 등돌린 의리없는 민주당 의원들 인간적으로도 별로입니다 이러니 민주당 낙관할 수 있겠습니까 강원도 최문순 지사는 뭐하자는건지 모르겠습니다 국민들이 극렬하게 반대하는 것은 하지 말아야 합니다 일대일로는 국익에 하등의 도움도 되지 않습니다 중국공산당 언론에서 투자하는 사업에 강원도를 팔아서는 안됩니다 제대로 개발이 안된 강원도의 입장도 이해되지만 이토록 반대하는 것은 해서는 안되죠 친중 프레임 어떻게 벗어나야 할지 고민해 보십시요  종부세를 건드리면 다음 선거 포기하십시요 다수 국민들이 바라는 것은 부자들을 위한 종부세를 건드리는 것이 아니라 퀄리티 있고 괜찮은 주거지를 저렴하고 구입할 수 있는 것입니다 늦었지만 정신차려야 합니다 왜이러고 있나요 민주당 정말 씁쓸합니다,1
김 어준총수  지지응원합니다,1
국민힘당처럼 똘똘뭉치는데왜 민주당은 말 한마디 못 합니까,1
김어준  지켜라  민주당아  수박들  꺼지고,1
민주당은  김어준을 지켜라,1
전화위복이라보궐선거 결과가 잊고있던 적폐들을 다시 떠올리게 하는구나에헤라디야,1
지금의 민주당으론 다음 정권 장담 못합니다민주당네 수박이 대통령이 되면 죽쒀서 개주는 꼴입니다윤짜장 처럼,1
국힘당이 이렇게 조직적으로 움직일때 민주당은  뭐하고 있는거냐 석을 가지고도 뭘하고 있느냐 조직적으로 동시다발적으로 움직이는 국힘당에 선수를 뺏기고 계속 뒤따라가며 틀어 막기에 급급하니 한심하다 이러니 나경원이 황교안이가 다시 기어나온 것이다 한심한 민주당아 촛불혁명때도 너네들이 한게 뭐냐 그추운 겨울에 성탄절도 반납하고 민주주의를 사랑하는 국민들이 투쟁으로 모든걸 이루어 너네들에게 준거아니냐 그때도 새누리당은 패색이 짙었고 어느언론 하나 편들어 주지않았지만 그들은 그들이 할수있는 모든 것으로 조직적으로 대항하였다 촛불시민들이 승리는 했지만 힘든 싸움이었다민주당은 지지자들의 피를 토하는 목소리가 들리지 않느냐 민주당 너희들 이야말로 민주주의 역사를 후퇴시키는 아사리판이다 국힘당은 반드시 이번 보선에서 처럼 단일대오를 형성할 것이다 기울어진 운동장 이런말 나온게 언제적이냐 여태 이거 하나 해결하지 않고 뭐한거냐 이젠 지친다,1
김어준 지키기  총 돌입해야한다티비조선과 체널에이은  저리도  편향적인데   민주당은  보고만  있을건가이재  엄중 필요없다  막말도  때론  해야한다,1
    입닥치고 있는민주당과 의원들은 국찜당과 뭐가 다른가피흘리는 내 편도 지키지 않고정상적인 언론인도 지키지 않고방어선만 지키면서 죽기를 기다리나엄중 신중에 더는 속지않는다수박은 쳐 내고 일을해라 민주당우리가 조국이다우리가 추미애다우리가 추미애다,1
이해하기 힘들다고 참 웃겨 아니 민주당 제발정신차려라,1
어준이는 가카 시절에도굳건히 버틴 진보 리더그때 그시절도 있었는데지금 김어준을김어준을 가볍게 보지 말라저만의 생각은 아니겠지요,1
민주당만 생각하면 쪽팔린다 ㅋㅋ,1
감사원 이룬하다하다 별짓을 다 하는군왜 민주당은 방어도 못하고 공격도 못하는지무능의 극치 민주당은 각성해라얼마나 더 희생해야 정신들 차릴것인가,1
민주당은 요즘 국힘당 하는거 잘 보고 배워라  보복 보복 보복   민주주의는 개 뿔,1
지금왜 지는지 모르는가 민주당 폐미부터 잘라라  목소리  큰거야  그것들잊만  표는  중도층 이  줘야 이기는거다 정신들 차려라,1
정신못차려요사람고쳐쓰는거 아니라잖아요고쳐서 될게있고 저런 상식없는 누가 전대통령 빙쉰가늙은 꼰대들 고만해먹고 다꺼져졋음좋겠음죄를지었음 벌을받아라세월호 시위할때ㅜ사람 얼마나죽었나요살인자가 따로있나요 그냥 입다물고 조용히라도 있던지모자라나,1
민주당 의원들밥값좀해라홍익인간 이념 지운다고 뻘짓할시간에 개혁입법안이나 통과시키고 김어준이나 지켜라,1
년 기사를보세요 물대포맞고 박근혜정권에 저항할때  부르짖은  언론개혁이 아직도 제자리걸음입니다  민주당 뭐했습니까  세후니는 바로  김어준 공격하지안씁니까 그건 배워라쫌,1
민주당은뭐합니다휴유무엇이두려워 김어준혼자싸우게합니까,1
민주당이 썩어가는데 일조한 김어준을 지켜야합니까,1
아따 가태박사님 잘생깄다,1
박원순을 계속 뽑았던 서울시민들 왜 그랬을까요,1
황교활이 제발 썸네일에 올리지 마세요 부탁드립니다 가슴이 부글부글 끓어 오릅니다,1
대구 충청도가 돌아버렸군 보수라는 자들이 넘 한심하군  요즘은 진보보다 보수행동하는게 더얄밉다 답이없군 또 좌파밀어줄라 하나부다 넘 창피하다 지방선거 개판친것들이 다시기어 나오질않나 한심하다,1
민주당  환영국힘당  어으어어으아ㅏ 안돼 오지마,1
환영합니다 다시 민주당지지율 쭉쭉 오르겠네요,1
ㅋㅋㅋㅋㅋㅋ 시계가 갖고 싶은가 보다 ㅋㅋㅋㅋ,1
짜장 간짜장 짬뽕 다 싫소 찌개백반한식이 먹고싶소,1
다시 개가되겠구만,1
니는 안돼뭐 할건디ㅋㅋ,1
아 니는좀,1
교회 집회가 돌아오는가 코로나 대유행 시킬려고 그러나,1
제발ㅠ 쉬세요ㅠ,1
누가 됐든 정권 교체만이 이 나라를 살리는 길이다,1
이제 부터 민주당의 뒤집기 시작하나 플래그 세워졌는ㄷ,1
환영합니다황교안 은 정직함,1
돈 떨어졌니 아니 누가 헛바람들게 꼬신거여,1
잘 들어왔네 민주당은 야당복 넘친다,1
ㅋㅋ 징그럽겠다 짐덩어리들은,1
가지가지 한다 진짜 ㅋㅋㅋㅋ 나경원도 같이 손잡고 나오지 그래 거기다 명박이랑 그네도 같이 나오면 환상의 짝꿍,1
민주당에서는 좋아하겠네요,1
때되니까 기어나오냐에라이,1
민주당  선거위원장이다황  땡  큐,1
황씨는 안된다 ㅋㅋㅋ 황씨는 믿을 수 있는 성씨가 아이다 ㅋㅋㅋ 황박사 줄기세포 사기부터 황씨 불교 석가탄신일에 절에 가서 합장 해야될때 교회다녀서 안한다고 했을때부터 알아봤다,1
이동은 기자 너무 예뻐요ㅋㅋ,1
ㅎㅎ 니들 쫄리제  똥줄 탈기다,1
학폭 병역회피엔 엄격하지만 두드러기  군면제 이웃지역살인마에 관대한 흉노의 이중성,1
민주당은 무엇이 두려운가 저들말대로 그렇게 미약한 존재면 아예 무시하면 될일을 왜들 저렇게 악담을 퍼부을까 너무시끄럽다 달님견들,1
누가 누구에게 하는 건지개악이 개혁이라하니도둑이 도둑을 잡는다하고조작은 공무고  범죄는 무죄고참 이상한 세상하랄 땐 언제고 아타깝다 ㅋ,1
저것들은 공산주의자들인가,1
황교안이 나라를이많큼말아먹구 파탄냈으면 평생니가할일은다한거다 제발 더이상나라망치지말구 보수우파망치지말구 찌그러져살아라평생 기나오지마라제발 쌍욕나온다,1
황교안 대표 가 보수다,1
