﻿Comment,is2030
필요할때만 양의탈을 쓰는구먼,1
우와 그 전력 대단하다 문가는 어떻게 이렇게 유능한 뭉치들만 모셔다 총리 장관울 드리밀까 그 힘 대단한다,1
감부겸이 젊을 때 학교 폭력 갑질 했다 가수 진달래쌍둥이 배구 선수등은 학폭으로 중도 하차 했는데 정치인들도 하차 해야지,1
너무 어이가 없어 말문이 꽉 도대체 이런 자가 어떻게 국가 고위직 공무원 뻔뻔해도 정도껏 해야지,1
ㅋㅋㅋㅋㅋ 저런애가 국무총리 한자리 해보겠다고 철새정치인의 원조퓽아니였나지역정치를 타파하고 어쩌고 온갖 고상한척은 독판 다하드만상습과태료체납 같은건 타파해볼 생각은없더냐,1
딴판이네 어휴,1
총리가 아니라 앙아치 두목이 더 어울리는 자일세,1
차례 압류는 일부러 당하기도 어렵겠는데 어케 했냐 ㅋㅋ,1
입은 비뚤어져도 말은 바로하라했는데 반기드는게 아니고 초선들이 당연히 할말을 하는구만 당연히 할말을 못하고 간신배짓하는 구닥다리 구태의원들이 잘못하는거지,1
이제사 위기의식이 좀 드나보군 그래도 양당 모두 청년들이 바꾸겠다는 의지는 칭찬하고 싶다 절대로 일본 따라가지 말아야 할게 바로 청년들의 포기다,1
조만간에 민주당 내에서 문재인 탈당하라는 소리 나온다,1
문제 있는 장관후보자들 임명 강행해야 여당 지지율 떨어지고 야당 지지율 올라간다 민주당 초선들이 생각이 깊네 지도부가 초선들 보다 못하다는 생각합니다 어찌되었건 야당이 잘해서 지지율 올라가는게 아니고 여당이 못해서 상승하는거란걸 국힘도 알아야 할텐데ㅡㅡ,1
공화국시절 박정희정권시절 지금의 국민의당이하 그 추종세력들이 싫어서 민주당을 믿어왔더니 작금의 부정부패의 행태를 보면 더한다는 생각을 지울수가 없고 더구나 북한을 대하여서는 정반대의 국민들 불안감만 높여가는것 같군요 물론 민주당의 논리도 이해를하지만 상중하책을 논하자면 하책인것같소이다 전쟁을 하면 절대로안되지만 우리만 피한다고 전쟁이 안나는것도 아닐진데 지금의 정책은 너무소극적인것 아닌가합니다,1
어짜피 지는 달님 인이 마음대로 하게 네 버려두세요 거기가서 년쯤 살테니까요,1
그러게 코로나 아니었으면 진즉부터 광화문광장 시청광장에 만명 이상은 모여서 촛불에 모닥불까지 피워놓고 문재인하야를 외쳤을것이다,1
초선은 그래도 덜 뻔뻔하네 아무렴 다음에도 하고 싶을테니 문재인이 하란다고 해줄수 없지 문재인 저 세명을 그냥 임명해라 그렇게 마음을 긁어대야 개돼지들이 정신 차린다,1
시작이 어렵지나 이나  면 뭐가 다르나 그냥 둬라이미 늦었다,1
죽비를 맞았으면 화들짝 놀라 정신을 다잡고 못나고 못되고 모자란일을 고쳐야 고등동물이다 죽비를 맞고 아무시랑토 않게 오히려 염장을 지르니 호랭이가 부르는 다음 순서는 피할수 없다 떡하나 주면 안잡아먹지 팔하나 잘라주면 안잡아먹지 다리하나 꼬리하나 머리하나이렇게 피흘리는걸 피하려고 죽비로 개패듯 때렸음을옛날엔 학교앞에서 많이 봤다 불량식품을 파는 할배  어제 죽비를 맞았댕 기분이 영 엿같네 그랴 오늘 팔고픈 삼종셋트는 우리 할멈과 채무자들이 연대보증선거라서리그러니 백약이 무효인게다 노무현의 말 즉 시파 운명,1
진화에 게으른 자는 도태의길로간다 합리적 진보와 보수의길이 바람직한데  문재인의 제왕적 행태에 자중지란의 서막아닌지 기대된다 ,1
한개든 열개든 부적격이면 다 못쓰는거지 양파 열개가 다 썩었는데 최소 한개만 빼고 나머지 개 양파는 써도 좋다는 말이자나 저 식당 어디냐 불매운동 벌여야겠다,1
이런것을 반란이라 표현하는 자체가 잘못되었다 초선들이 회의해서 건의안을 올리는 절차였을텐데그걸 반란이라고,1
가사무시 음정무시 박자무시 청중무시하고 오로지 자신에게 취해 부르는 막가파 음치 가수들,1
임명하던 말던 내버려두자 깜이 안되는 후보자들 임명해봤자 자기들 손해라는 걸 모르지는 않겠지만 대깨문들 무서워서 말도 못꺼내는 따불당지도부가 그저 한심할 따름이다,1
각하 꼴리는대로 전부 다 임명하소서 그 만한 능력자 더는 구할 수가 없사오며 그깐 초선이나 민초들이 뭘 알것소 지존은 하늘 위에 거하시고 대깨문은 건재하며 대선은 아직도 년이나 남았습니다 이러나 저러나 콩밥은 피할 길이 없사오니 그냥 맘편히 하던 짓이나 계속하소서,1
민주당 은 올바른사람들이 말하는 꼰대들을 짤라야 개혁이 되는데  ,1
행실을 지금바꾼다고 뭐가달라지나 그냥밀고가라 미애만이야 못하것냐 안그려 재인,1
민주당 초선의원들 민주당 탈당해서 미래를 위한 당을 만들어라 어치피 거기 있으면 똥바가지 다 뒤집어 쓴다,1
부정선거로 만든 여당의석 석 부메랑이 되어 문재인의 모가지를 뎅거덩 짤라라,1
아니다  그냥 쭉 가서 확실히 망하기 바란다,1
그렇게 사람 같은것이 없더냐,1
신기하네 안경덕씨만 안경을 안끼셨네 린드버그 공갈테라도 하나 마련하심이,1
그저,1
한나라당 에서 국회의원 시작해서 배신하여 민주당가서 총리까지 하네 대단하다 김부겸,1
끝무렵에 한자리씩 주고 퇴임후 지편 만들려는게지 근데 넘 속이보여서 꽝이야 안녕 잘가고,1
마지막 대깨문들 총 집합 ㅎㅎㅎㅎㅎ,1
ㅋㅋㅋ 창민이는 팽 별반 기대되는 사람이 안비네,1
진짜 민주당과 문재인 주변에는 사람이 없는듯,1
인사 뮈가 좀 될랑가 별반 믿음이 안가네 마즈막 찬슨데 좀 잘 해보려 않고서는,1
겨우 년입가심,1
조속히 자리잡고 일본의 오염수 문제에 강력히 대처해주길,1
배신 때리며 를 꼭꼭 씹은 덕에 출세하네 조케따 ㅋㅋㅋㅋㅋㅋㅋ,1
문패들 잘 모았네 같이 가는게 외롭지 않지,1
문통아 부동산 부패 청산이 문제가 아니라 부동산 법 등 정책이 문제야 끝까지 부동산 정책법을 바꾼다는 소린 안하네  국민과 맞짱 떠자는 거쟌아 총리 바꾼것도 부동산 부패 청산이 목적이라니 정말 음메 소가 방귀뀌는 소릴 하네,1
장담하는데 달라지는거 아무 것도 없을거다 기대 안한다,1
김부겸 임명이 지역안배라고 ㅋㅋㅋ 우리나라는 전라도와 경상도만 있는 나라인가,1
순장조 애들은 의미도 관심도 없다 막장내각 아닌가,1
김부겸 대구 최초 민주당 국회의원 수성구 구민이 표 줬지 근데 뭐 했는데 고군분투  언제 뭘 위해 너 선거때 너 표 얻을려고 할때 문쟁앙 정권 쓰레기 짓 할때 윤미향 조국 박범계 추미애에 대해 목소리 낸적이 있던가 대한민국의 중도층 대 대가 문재인 정권 탄생시키고 지금은 대성통국하며 도리어 골빈 대란 소리를 민주당으로 믿고있지 근데 김부겸 너도 마찬가지야 대구의 젊은층 소수의 중도층이 너 밀어주고 손가락 짜르고 싶다한거아니 제대로 속았지 하긴 거짓말 사지 뻔뻔함 세금살포 민주당 특기니까 너도 민주당인데 잠씨 잊었다 고마 이제는 광주가서 살아라 좌파 팔이  세월호 팔이 팔이 위안부 할머니 등 쳐먹고요즘 광복회 등쳐먹대 앞으로 뭘로 등쳐먹고 살지  민주당 기대된다 니미 쓰레기 잡종 아 인자 전라공화국 광주가서 살아라,1
지역안배 처음들어보는 소리네우리나라가 전라공화국이 아니었던가,1
우유부단 생각 없는 부겨미가,1
끼리끼리 잘도 해먹는다 문가인사 는 사회 주의 사상에 심취한자 운동권 출신들 만 기용하니 나라가 개 판이지,1
김부겸이가 총리ㅋㅋㅋㅋㅋ ㅋㅋㅋㅋㅋ ㅋㅋㅋㅋㅋ ㅋㅋㅋㅋㅋ,1
바보들의 합창,1
지금 다람쥐 쳇바퀴 돌리나 개각한다고 얼마나 마음이 아렸을까나 구관이 명관이 아니기를,1
석의 거만한 민주당에 강성친문 좌파들이 있는데 가능하시냐고요 갈등만이 존재하겠네,1
대깨문 호의무사 짐승들 눈치보다 년 간다,1
몽둥이는 민주당만 맞는게 아닙니다 바보같은소리 그만 하세요 정신 차리시구요,1
이왕 버린 몸 후회없이 강때까지 가야지  나이스 민주,1
지독한 독제 점입가경,1
한국엔 여야가 없다 그냥 언론에 부추김에 따라 감정과 파벌싸움만 있을 뿐 한번도 국가의 미래 비전이나 구체적인 정책방향을 놓고 토론하고 대안을 놓고 이성적으로 다투는 걸 본 적이 없다 무조건 시비걸고 엿 먹이고 보자는 식,1
역시 이럴줄 알았지 오히려 도자기 밀수꾼이 그나마 가장 약했는데 임혜속은 정말 아니다 조국탄 이네,1
국민 여러분 대깨문 여러분 우리는 보았습니다 확인 했습니다 저 개 시방새 문재인에겐 애초부터 국민은 없었습니다 문재인은 김정은 김여정의 개 가 맏습니다,1
그냥 막가라 다음에 보수가 싫어도 석의 독재가 싫어서 야당에 일자리와 경제를 말아드신 여당님,1
우선 이건 불법펀드 아닌가 여러사람 투자금을 한 가족에게 몰아주는것 만약 불법이면 특혜가 아니라 뇌물이란 생각이든다이종필이 사업하는 사위보고 불법특혜를 저지르진 않았을테니검찰에 고발해야한다,1
이제 국힘이 제대로 돌아가네,1
저거들은 다쇼질 하는거임 가지마시오,1
먹을생각도 없대잖아,1
추한애 아직도  소리하고 다니나,1
기자 니들도 쥴리 소문 들었니,1
아무튼 추한애와 조국이는 비리의 온상이야,1
추미애는 장관시절 광녀전략을 쓴다고 생각했는데 그냥 진짜 광녀임,1
대구양아치,1
김부겸이 총리라 웃음만 나온다 문재인 대통령은 왜이러는지 모르겠다 뻔한 인사를 왜하는지 하품만 나오고 여성들은 쓸데없이 왜그렇게 챙기는지 진보정부는 이것이 끝인가 그런것 같다,1
계란 안쳐맞은게 행운인 듯중공몽 좌좀 타도,1
그럼 니들이 정권 잡았을 때는 통합했니,1
기가 차다 개혁을 선두로 민생보다 더챙긴 이유가 있거늘 법사위를 내주자고 그래서 개혁 가능 하겠나 무능한 당내 의원들이 지시간 뭐했나 생각하고 나서길 송대표 부터 잘못된 선택였나싶다,1
윤호중ㅡ악질이 절대 안줍니다ㅡ 협치는 끝낫고ㅡ 백성들이 표표표표로 민주당을 박살내는수박에 없어요,1
맞아너그들이 깽판 치려면법사위원장 못내주겠지ㅋㅋㅋ 지금처럼 걍 다 너그들이 해 쳐먹어그리고 좀더 깽판을 쳐주길 부탁해그래야 바닥 아래 지하까지 치고 내려가서 망하는 모습을 볼수 있지지저분하고 더러운 이기로 똘똘 뭉친 것들,1
고건 세대가 더불어 만진당 초선의원만난자리에서 코로나아니였으면 더불어만진당은 촟ㅅ불항의시위의 주체가되어질타를 받고도남음이라말하지않았던가코로나가 문가늠집단패거리 항의시위도 무마시킨결과를 초래하고야말았구나 역시 문가는은 코로나와 혈육관계이상의 친분관계가 성립하는가 보다,1
김부겸질기다 질겨 소가죽이네또 이렇게 앞장서는구나ㅋ,1
ㅋㅋㅋㅋ 변창흠 기껏 개무시 당하고 비굴하게 들어와서 핵폭탄 맞고 빨리도 기어나가네 넌 이제 심판이나 받을 준비해라,1
전라도의 개,1
공자님자칭은 너무 앞서나간 추측아닙니까 유교 경전 아니라도 관해난수는 국어사전적 용도로도 쓰입니다 자기가 맡은일이 중요한거라 생각은 한것같지만 성인을 빗대고 그런건 아닐것입니다 경전을 인용하려했으면 과정의 중요성도 나와야 되는데 거기까지 인용하지는 않은것 같습니다 기자분이 너무 앞서나가셔 추측한것 같기도 합니다,1
쑈 전문가를 국정에 참여시켜놓으니 국정이 코메듸가되어버렸다,1
요즘은 어떤 여자들을 후리고 다니냐,1
공자와 골이 빈놈을 혼동한 결과이니 오해 마시길  ,1
세상 어찌돌아가는지 이치를 모르니 부동산 정책 문제가 있다면 수정해야지 고집부린다고 될일 아니다 답답할뿐 미래가 안보인다 희망이 없다,1
능력을보구사람을안치새요그냥막안치지말구더덪나게생겐내,1
범죄자 단체 민주당의 결말 나라만 망가지고 범죄 비리만 쌓여가네 서민들 집 못사게 집값 폭등시킨 재앙아 깜방 갈 날만 남았다,1
뭔 개ㅅ리 신가 범죄자 민주당 쉴드 치니 지금 조국 쉴드도 좀 쳐봐라 윤미향년도 쉴드 쳐봐라 더러운 좌파는 역시 암덩어리,1
제정신인 국민이라면 종부세 완화해도 안찍고 그냥 놔둬도 안찍을 것이다 종부세 많고 적음의 문제가 아니라 이 나라가 망하는 걸 어떻게든 막아야 한다고 생각하기 때문이다,1
국민소득 만불이라는 나라 개돼지들 사는 꼴 보소 쉑들,1
지는화이자 맞을꺼면서 왜이래,1
겨우 러시아산 백신으로 경기도 백신 독립인가 러시아산으로 경기도민 백신 독립해라 경기도민 몇명이나 맞겠나에라이 개를 줘도 안맞는다,1
관심 없다 하던 말던 부겸이던 빈겸이건,1
겨우 년 점수 너무 후하게 준다,1
더 이상 속지맙시다 자유 대한미국을 지킵시다,1
죽으려 빽을 쓰는구나 어차피 때는 늦었다 쩝쩝아,1
땅속에 가실일이 더 빠를듯,1
아무나 대선에 나오는 민주당 문재인이라는 전례가있으니 이해는 가지만 정도껏 하시죠 ㅋㅋ,1
코로나 다음은 어떤 이 등장하려나 ㅋㅋㅋ,1
드디어 출사표를 던지셨나 지지율 조만간 급상승 하시겠네요 화이팅 응원합니다,1
대깨문들 털어야하니까 친문당 없애고 새로운 당 나오겠네 암튼 더듬어공산당의 대깨문 진성 권리당원들아 계속 열라 나대어서 민주당 대선주자들 주저앉히그라,1
좋은 기사 한 줄 내주지 않더니  이젠 시간 차 공격성 뉴스만 미안마 군부 독재를 그리워 하다니 민주 시민들이 불쌍하다 선택은 자유니 고마움 모르고 맘껏 누렸던 소중했던 선진 민주주의를 그리워 하게 될 것이다 역사의 심판을 부디 두려워 하기를,1
대깨문이 좌지우지 하는 따블당 아무리 쪽수가 많아도 선량한 국민들은 그들의 실체를 알고있으니 더이상 속지 않을것이다,1
ㅎㅎㅎㅎ 떠거지들,1
민주당은 그냥 대깨문들 눈치만 보고 계속 그대로 밀고 나가면 된다입으로만 변화를 외치면서내가 응원해 줄테니까ㅋㅋ,1
그래 언노무시키가 맡든지 개아작날 때까지 맡아라ㄱㅅㅋㄷㅇ,1
무슨 가짜뉴스 성공 ㅋㅋ 아직도 정신못차려네요 여당의원들,1
탁현민은 교체하지마라 마지막 연극을 보고싶다,1
이철희 그나마 진보에 걸맞는 인물이라본다 국익에 도움되는 인물일수있다,1
절대 임명 안할것이다,1
백신 가져와 쇄신 관심 없다,1
교체는 뭐러 교체하냐 그나물에 그밥일 텐데 그냥 대선때까지 놔둬라실업자 양산하지 말고ㅋ ㅋㅋ,1
헌병 딸이 국무총리 되면 대깨문 환영 하겠다,1
대체 남북대화로 이루어진건 뭐가있나항상그자리인데 왜자꾸 남북타령만 하고있나진짜이유,1
재인아 학교가자,1
열심히 해도 욕먹는 더러운세상이니 년간 뭘하려 하지말고 많이 챙기고 편하게 쉬시다 퇴임하셔요 그래야 나중에 감옥가도 박큰애같이 한푼도 안먹었는데 날 왜 감옥에 라는 통한의 눈물을 흘리지 않을 것입니다 이 나라에서너 전두환을 보면 답이 나옵니다,1
무능력,1
티비나오지마시고 걍 건강챙기시길,1
아직도 똥인지 된장인지 모르는 지지자네요 ㅉㅉ,1
안되면 남탓 사회생활에 독이다,1
넌 매일 지키지도 못할 말을 왜 지껄여대지 우리 나라는 너 때문에 다 망가졌어,1
더 짧게 했어야지책임지고 물러 나겠다요거면 진정성이라도 인정 받지,1
탁 뭐하노 배우 울먹이던지 해야 되는거 아냐 감성연기 물 올랐더만,1
ㅋㅋ 박원순이 아바타들이 똥줄타는가부다 너거들 단디 각오하거라  모주리 감방에 처박아불텡께로,1
이준석이 젊은 놈이 싹수가 아주 국밥 먹는다고 아바타라 했겠냐 시치미 뚝 떼는게 아주 닮아서 아바타라 한걸 알면서도 저렇게 유치하게 나오는게 어린애인지 교활한 건지 모르겠다만,1
ㅇ멍청한 것들 그런데 가 집값을 올렸냐 서민을 못살게했냐 실업자를 양산했냐 세상에 한번도 없는 나라를 경험하게 했냐 젊은이 실업율을 최고치로 올렸냐  양산을 했냐 북한에 설설기었냐 무슨 말만하면  프레임이야 지금 보다도 배 배는 나아 누구도 이만 못하랴 윤석열 전문가 아무리 못해도 지금 니들 보다는 나아 민심이 천심이야,1
민주당에 명박 아바타가 저렇게 많은줄 몰랐다,1
이준석씨가 다음서울시장이네,1
빵터짐 민주당 수준이란 ㅋㅋ,1
미친 짓거리 당장 멈춰라,1
시장 권한대행이하 실무팀 법적 행적적 역사적 사회적 책임을 몽땅 최후까지 다 묻겠다 딱 기달려라 평생을 되갚게 해주마,1
시장 권한대행이하 실무팀 법적 행적적 역사적 사회적 책임을 몽땅 최후까지 다 묻겠다 딱 기달려라 평생을 되갚게 해주마,1
서울대 법학과 와 서울대 철학과는 학력고사 점수가 점쯤 되려나,1
한강 의대생 사망자 친구란놈을 더불종북벌레당벌레떼들과 한국에 널린 종북언론떼들이 덮어주는삘로 진동하네 종북언론떼들이 친구씨부리다가 이젠 친구씨부리며 씨씨를 혼동하게 이랬다저랬다하며 범죄놈삘로 진동하는 친구놈의 부가 대형법무법인대표라는 신상털기가 나와 논란씨부린다,1
윤호중 다 임명동의 할거면서 왜 생쇼,1
청와대나 민주당이나 나라를 위해서가 아니라 정권을 위해서 그렇게 하자는 거지 그래 국민이 그렇게 바지저고리 같냐 그렇게 계속 쇼를 해봐라 몰매를 주마,1
국민공감대를 중시하는 문재인대통령이 국민의견을 무시하고 대깨문의견만을 취사선택하려 해 ㅋㅋㅋ 부도덕한 수장은 무능한 수장보다 더 나쁘다 ㅋㅋㅋ,1
짐덩어리에게 뭘주 냐,1
기동민 이등신세끼야 지금 구킴당놈들이 사람이라 생각하냐 년동안 그렇게 당하고 협치라는말이 나오냐협치 이런 개소리 집어 치우고 개혁입법 얼렁 마무리해라,1
더러운민주당은 해체가 답이다 국민들의 명령이다,1
한강 의대생 사망자 친구란놈을 더불종북벌레당벌레떼들과 한국에 널린 종북언론떼들이 덮어주는삘로 진동하네 종북언론떼들이 친구씨부리다가 이젠 친구씨부리며 씨씨를 혼동하게 이랬다저랬다하며 범죄놈삘로 진동하는 친구놈의 부가 대형법무법인대표라는 신상털기가 나와 논란씨부린다,1
민주당 의원중에 이렇게 똑똑한 사람들이 나오면 안되는데 정청래 양이원영 같은 무리들이 더 많이 나와야 하는데 은근히 걱정되네,1
너그들이 다 해 먹어라지금껏 거래 왔으니그리고 결과에 책임져야지 ,1
역시 마포걸레는 대깨문만 바라보는 강아지의 뇌가 분명함,1
ㅋ 저가 쓸려고 댓글 검색하니 이미 쓰셨네요,1
복무기간을 일단 개월 이상으로 늘려라 인기영합주의로 선거때마다 줄여놓으니병력난이 가중된것 아닌가 병력이 넘쳐나 절반이상이 방위병으로 갈때도 복무기간은개월이었다전방교육이수후 군에갔을때 그래도 모자라면 직업군인을 늘려라여군이 최전방 지오피에서 경계설,1
용병 도입해라,1
헌법조항누구든지 병역의무의 이행으로 인하여불이익한 처우를 받지 아니한다불이익한 처우를 돈으로 계산하자고간단하다 병역 수급이 균형을 이룰 때까지보수를 올려주면 된다그리되면 징병제가 아니라 모병제가 된다,1
이스라앨이나 북한처럼 처럼 여성 징병해야 한다 국방에는 성별이 없다,1
분단국가가 모병으로 가면 좇된다 시기상조야 돈만 처바르다가 국방에 구멍난다,1
ㅎㅎㅎㅎ 나라가 년 남짓만에 한년은 후퇴한거 겉어이너무 마니 망가지고 피햐자코스프레 떨면서 뒤로는 아주그냥  진보 기득권 답넹 씨레국먹어러 가자 걸오가면 한일 정도 걸리겠징,1
지금까지 살면서 내돈 수천만원 떼먹은 놈 외에 누굴 미워해 본 적이 없는데 문가 만큼은 정말 남북통일보다 저 자 감옥가는거 꼭 보고 싶다,1
멀쩡한 나라를 헬조선이라 선동하던 자들과 선동에 놀아난 자들이 이제 진짜 헬조선 속에 살고 있구나문씨의 헬조선에 사는 소감이 어떠하냐쩝,1
두말할것없이 문가와 대깨문을 지금까지 껄고온힘은  코로나  위력이다 이대로면 차라리 죽는게낫다는 에절한국민의 결기가보이면 문가는 인이상 집회금지 추석 명절도 가족친지간에 모이지못하게 빗장을걸고 경찰견으로 막아왓다 그 죄를 어찌할것인가 ,1
나는 외친다코로나 집회금지,1
더불어민주당 다운 공정과 정의다 ㅋㅋㅋㅋ,1
임명 찬성합니다 어차피 스폰서그룹이라 한자리씩 주어야하고 욕먹어도 임명할것 뻔하고 투자한게 있는애들이라 한자리않주면 가만않있을거고 그냥 임명하고 민주당 빨리좀 망합시다,1
김기현이가 잘하고 있다그런식으로 대차게 밀어부쳐라민주당 개놈의 새끼들의 기를 팍 꺽어놔야 한다,1
정책이 면 많고요나되나,1
전라도가 싼 똥 치우로왓나 ,1
대깨문은 지키고 중도를 공략하는데 그 것도 지역 주의에 기초해서 공략하겠다는 정치공학적 발상 토 나오지,1
참으로 선한 문재인정부  현 정부는 사심이 없고 안 그래도 요즘 웃을 일이 별로 없었는데 모처럼 배꼽 빠지게 웃게해줘 고맙다,1
규제풀기가 지우기라고이들에게 국민은 아예 없다,1
내돈 내것니돈 내것ㅋㅋㅋㅋ,1
최인호뭐하는노미냐평생 절약해서 내집하나갖은게 죄냐돈은 네놈들이 펑펑써대고그돈 왜서민들이 혈세로내야하냐문제인년 돈벌어본게 있냐베짱이처럼 펑펑써대기만 했지북한퍼주고 아프리카버스대사주고황제쑈한걸 왜국민이 돈을대야하는가추경문제인 말좀해봐라,1
나라를 완전히 거덜낸 문재인 투표 심판이 아니라 책임을 물어 짓이겨 으깨 도살 심판함이 마땅하다,1
시계 제로,1
닥쳐 올 똥물 피해야겠지,1
ㅋㅋㅋ 소 대가리가 웃는다,1
개각이라구라 머저리답구먼 걍 총사퇴하고 부엉이올라가서 단체로 짬뿌해  ㅉ 니들 다시보구싶지않다,1
역사인식의 오류자거나 어처구니 없는 시대적 소명의식의 소유자라면 윤씨를 뽑겠지,1
이낙연은 지지율이 꺼꾸로 가네추풍낙엽인가,1
미국사람들은 거의 모두가 한정당을 평생지지한다대통령선거는 선호에 따라 후보지지를 바꾸기도 하지만 정당에 대한 지지는 안바꾼다,1
철학박사에게 정치해도 되냐고요 물어봤다는데철학박사보다는 미아리고개 철학관이 더 많이 간다던데자신이 없나 누구보고 물어볼까,1
이 익숙한 두상의 이분 문재인 정부가 싫어서 작년 총선때도 그렇게 나발 부시더니 다 틀렸는데 또 나발 부시네 사람들 기억력이 만만해 보이시조,1
쥴리의 정체는출신으로 보면 수많은 동서들이 계실텐데 어찌하누한우는 구워먹든 삶아 먹든 ㅋㅋㅋㅋ,1
산넘어 산 넘사벽임 여당 두후보 지지율이 무려 절반에 육박 ㅋㅋㅋㅋ,1
재명이는 대깨문에 아참할 때 이미 끝났다꼬라박을 종목을 고점에 올라타면 어떻게 되나,1
윤가놈 지지율 냄비근성으로 지금이 천장이다계속 내려간다에  원 건다,1
이 녀석들이 어딜 함부로 예수 부처가 한가하게 한국에 외서 장관을 하리 죄다 귀퉁이 떨어진 파치라 깡된장 뚝배기로도 안되겠더구만,1
아니 예수님이 뭐가 어때서 청문회도 통과 못하나이정도면 진짜 사자 명예훼손 아니냐,1
 예수는 부활해서 하늘로 올라갔다는데 사자는무슨ㅋ ㅋ,1
아직 정신 못 차렸다,1
오늘도 지긋지긋한 빨강완장 미친 똥 강아지 짖는 소리가 여지없이 들리누나,1
예수님 부처님을 모독하셨네 ,1
국회의원무보수로하라는 반가운소식이 올라왔습니다수일이면 만도착  펴왔습니다 일시분분돌파 분남음국회의원 무보수 명예직 국민공천증제 국민청원 동의 투표기간 까지 일남음독일 스웨던 노르웨이 덴마크등등 유럽선진국에서많이들시행하고있습니다국회인원 축소 무보수로 하자는 등의 말만 해왔는데이번은 무보수 명예직으로 하는 국민 동의를 청원 하오니아래를 열고 설명을 보시면 속이 더 시원합니다핵사이다기회는 이때동의 참여인원만명돌파하여확바꿔야합니다일 마다 막 퍼날라 주시면 참여자가 더 많습니다빨리 동의해서 무보수로 전환합시다 분에 분씩 동의하고 있습니다 만갈 청원입니다,1
레벨 업좀하자 응 어이고향 까마구만 봐도 좋치라,1
지저스 부다는관사재테크 안했고가족동반 출장 안갔고샹들리에 도자기 수집 안했다아무리 못 배웠어도 생각 좀 하고 지껄여라,1
그나마 너희들 야당이 였을때 보다 지금 이정도는 양반이다 개구리 올챙이적 기억 못한다고 하더니,1
비교를 하셔도 이 기준으로 따지면 국회의원 명도 살아남을 의원님들 계실까,1
예수님이 밀수하고 부처님이 도둑질 했냐,1
그러니깐자기관리를 잘해야지아님 공직을 포기하던지,1
와 하나님을 이딴식으로 얘기하네 아무리 뚫기 힘든거지만 하나님을 들먹여,1
  마치 국민학교 시절 엄마 아빠 건다고 막말하는 듯한 늬앙스의 저런 의원을 왜 뽑았나,1
뭐 계속 고집 부리고 임명 강행할 거면서 고민하는 척 하시기는 국민 목소리 그렇게 들으실 거였으면 지지율폭락이 있었을까 고집불통,1
비문이아니라 뒷문이네 이제 실실 뒷문으로 도망갈생각하네,1
  청년들에게 물었다한다 여유 직업 시간 직장 회사 돈 일자리 주거 집 자신감 취업 성공 안정 건강 기회 휴식 준비 등등 의 답변이 나왔는데 그중 가장 필요한것은 돈취업직장 순이었댄다 문재인 듣거라 당신이 노무현의 복수를 감추고 말싸운 연습만 잘해서 대통이 되었지만 짜가로 공정 정의를 부르짖으면 지금까지 왔지만 사회의 첫 발을 디딛는 젊은이들에게 준게 무었하나있었던가 내가 그랬다 대통이 되는게 중요한게 아니라 나라를 어떻게 하면 잘 이끌어갈수있는 능력이 중요한거라고 그러나 유권자들은 아직도 말싸움 잘하는 사람을 뽑고있는게 현실이다 유권자들이 변하지 않는한 한국 정치는 민간인들이 나라를 망쳐 놓는다는게 작금의 현실이란점 똑똑히 기억하거라 말를 보지말고 그사람의 발을 보는 안목을 키우는것만이 나라를 건진다는걸 꼭 명심해라,1
남들 공부할 때 짱똘이나 던져서 기물파괴하던 애들이 영의정감투라니기가 차서 살 맛이 안납니다,1
백신 공급 원활치 못한 나라들 다 국정 조사하나 뉴스 삼지 말고 시야를 넓혀 봐라 무늘해서 백신을 못구하는가 생산국의 강국들의 갑질 때문인가 그걸로 정권 교체 기대하면 헛발질이다 방역은 세계의 모범이다,1
고래고기는잘팔았나 나머지는없는가 남았으면 나한테넘겨 돈좀벌게,1
조국 표창장 가지고 인사청문회 할게 아니라 판사생활하며 ㅔ억 모았다는 김기현 이런자를 청문회 해야 하는거 아닌감,1
백신국조라 김기현이가 제대로 미친건가 니들이 잘해서 보궐선거 이긴것 같냐 이샠키들은 표좀 받으면 다가진것처럼 행동하니 참으로 어이가 없다,1
갱상도극우 아니랄까봐 벌써부터 정부에대한 시비조로 나오는거봐라 니넘이백신구해봐라 잘되는가,1
우그리 사상이 더러운 것들이라 희망이 없다,1
검찰 개혁언론 개혁언론 징벌적 손해 배상석 거대 여당을 만들어준국민들이 지켜보고있다,1
조선 중대 경향기레기야검찰개혁이 독선이라고 검찰개혁과 언론개혁 고강도로 해야한다기자생활 몇년하면 아파트 한채하던 그때가 그립냐,1
김복수 조중동보다 한술 더떠요 개경향,1
  청년들에게 물었다한다 여유 직업 시간 직장 회사 돈 일자리 주거 집 자신감 취업 성공 안정 건강 기회 휴식 준비 등등 의 답변이 나왔는데 그중 가장 필요한것은 돈취업직장 순이었댄다 문재인 듣거라 당신이 노무현의 복수를 감추고 말싸운 연습만 잘해서 대통이 되었지만 짜가로 공정 정의를 부르짖으면 지금까지 왔지만 사회의 첫 발을 디딛는 젊은이들에게 준게 무었하나있었던가 내가 그랬다 대통이 되는게 중요한게 아니라 나라를 어떻게 하면 잘 이끌어갈수있는 능력이 중요한거라고 그러나 유권자들은 아직도 말싸움 잘하는 사람을 뽑고있는게 현실이다 유권자들이 변하지 않는한 한국 정치는 민간인들이 나라를 망쳐 놓는다는게 작금의 현실이란점 똑똑히 기억하거라 말를 보지말고 그사람의 발을 보는 안목을 키우는것만이 나라를 건진다는걸 꼭 명심해라,1
도랑 대구민심 가뜩이나 보수색채 강한동넨데 대구코로나 어쩌구 해서 다시 보수당 지지 나올껄,1
그래서 끼리끼리 끼끼 민주당 아닌가,1
똥 딱으러 가셨고만 똥을 너무 많이 싸질러서 치울수 없을걸,1
경향 이색희들좀 보소 친문이라고 프레임 잡고 갈라치기 하지 마라,1
어차피 망한거 뭐 앞으로 한정당이 년씩 밖에 못해먹어 그리고 민주당은 앞으로 년간 집권 못해싸가지없는거로 워낙 찍혀서 비호감이미지 오래갈거야,1
국회의원궈녁자 편가르기하는 검찰개혁 말고정치권고위공직자비리부정부폐를 없에는 검찰개혁해라내편은 괜찮고 상대는 악이라는 검찰개혁은 그만해라,1
너무나 박역이 잘되어 맏지를 못하는 보건소 방송국들,1
선거 끝나니까  얘기 쏙 들어가고 매일매일 부동산 폭등 폭등 전세난민 이라더만요샌 오세훈 효과 부동산 상승세폭등폭등 외치던 새키들이 왜 갑자기 부동산 상승세라고 순화시켜서 기사를 써,1
네내 형의 죽음에 대해서 그렇게 관심을 가져봐라,1
니가 국짐에서 일하는건 형에 대한 예의가 아닌듯,1
야당의 무조건 반대 질에 질려 대통령 제대로 밀어달라 석의 헌정사상 유래없는 의석 만들어 줬더니 이젠 합치에 법사위 내어  주자고요  이러니 민주당 지지율이 자꾸 떨어지는 겁니다 왜요  책임지는거 무서워서 야당탓 거하게 하려구요  집권년차 대통령 의 지지율에도 못미치는 민주당의 오늘이 왜  인지 제발  민주당은 제대로 성찰해야 합니다 법사위를 내어주자니요 ,1
혹시 검찰이 무서워서니들 개혁 안하면 민주당도 죽고 대한민국 역사는 거꾸로 가고 아닌말로 서울이 아님 광주가 미얀마 되지말라는 법 있을까 개혁을 멈추는 미친짓 그만하자,1
김영배법사위는 무조건 민주당이 갖고이낙연정부 까지 개혁 드라이브 멈추면 않된다개혁민생,1
줘라 여상규 생각안나나,1
야당은버사위원장이든모든상임위원장자리를지금대로민주당에그대로유지하라저들은개라는쪽수가지고또다시내로남불을할것이니관시리명분만들어주지말고지들꼴리는데로하돌하라,1
아서라 말어라 여상규를 상기 합시다개혁입법들 물건너 갑니다개혁입법은 공수처 처럼 패스트 트랙 걸치다가 누더기 됩니다,1
지지자들은 피가 마르는데  석 줬더니만진짜 한가한 소리 하고 있네니네들 다음에 전부 낙선했으면 좋겠다,1
너같은 대깨문만 피가 마르는거야ㅋㅋㅋㅋ,1
분란만 일으키는 초선의원들,1
초선 수준이 왜 초딩수준이냐ㅉㅉㅉ,1
초선들이 당의 지지율이 하락하니까 뭐라도 해야겠다는 심정은 이해하나너무 생각없이 여론에 휩쓸려서 걱정이네요이런 초선들은 어차피 다음 선거때 투표로 심판을 받겠지만 나름 엘리트들인데 그들의 머리에서 나왔다는게 고작 이정도라니 민망합니다,1
대깨문이니,1
이정도면 민주당은  그냥 모지리 정당이다 여당이 야당이고 야당이 여당이네 아이구 민주당아  아이고 모지리들아,1
원칙기냥 말 작난인거지요,1
뭔선전포고,1
맞는 말씀입니다갑자기 인기가 있다고 나라를 이끌어 갈수 없다고 봅니다  년 준비한 정책 준비가 있는 허경영 신인님 뿐입니다,1
여야 답없습니다 허파 허경영의 정책이 실현되는 시대가 오기를 고대합니다  허경영 적극 지지합니다,1
허경영신인님 사랑합니다 존경합니다 감사합니다 허경영,1
이렇게 이야기해 줘도 못 알아듣는 사람들은 바봅니다 정말허경영 허경영 허경영 ,1
허경영 정책 롸잇나우,1
왜 허경영이 된다 소리는 안하십니까궁금합니다,1
허경영 허경영 허경영 만세,1
감사합니다 허경영,1
진짜 멋지다허총재님진짜 든든하다,1
황제폐하만세,1
해당 영상은 월 일 하늘궁에서 가진 민주 인터뷰의 일부분 영상임을 밝힙니다관련 기사는 민주에서 근 시일내에확인 가능합니다많은 관심과 사랑 부탁드립니다,1
오늘도  잠시  볼일이 있어서  나갔다왔습니다  택시  안에서  달리는  차창밖으로   텅빈  가게들이  너무  잘  보이는겁니다   택시  기사님  왈  아너무 너무 심각합니다  네  남의  일  같지않고  너무  마음이  아파요탄핵을  주도했던  정치인들은  더이상사람이기를   외면하면  안됩니다 얼마전   허경영 총재님께서   강연을 하신말씀이    생각납니다   월광참도의  메세지를보내 주셨습니다   정치  하시는분들  잘새겨  들으셨으리라   생각합니다현명하신   판단을 간절히 기원합니다 대한민국  다시한번 위대하게 대한민국 대한제국으로 나아갑시다 대한민국  오천만의 공존공영을 위하여 대한민국   감사합니다 ,1
허경영 정책 노벨 평화 상감임,1
이즈리나 연애편 주식편 허경영편 데이트편 주제이야기편 시라소니편 투자,1
우리나라 국민성 중에 가장 하찮고 저급한 부분이 산업화를 달성한 원동력인 정책과 공약은 개밥그릇으로 보고뜬금없이 반정부 인사에게 환장하는 모습마약에 중독 되듯 반정부 투쟁꾼들이 주는 쾌감에 취해 환장하는 모습들 거기서 조금도 벗어날 생각 없이 쾌감을 쫓는 어리석음이 아닐까 싶습니다정치인들이 자신들을 가지고 노는것도 모르고정부 욕 좀 해주면 기분 째지니까 선거때 찍어주는 단순함 결국 뒤에서 손 잡고 술판 벌이는 정치인들에게 놀아나는 순진무구함,1
고양이 앞에 생선가게를출산대책에 년간  조원이 웬  말이냐남여차별예산에  년간  조원이  웬  말이냐이런이런 도둑놈이  대한민국 망친다몽땅  지도자  정신교육대가  정답이다,1
잘보고가용 ,1
좌파 우파 답이없다그나물에그밥 허파가세상을바꾼다 허경영 세계통일 세계황제 세계통일 허경영만세,1
오랜만에 옳은 말씀,1
아니 저런자를 패널로 쓰는 이유가 뭔가입에 담지도 못할  쌍욕을 해대며 하던것 잊었나,1
년전엔 또라이 라고 생각 했던 허경영 삼삼정책은     돌아  보면   미래를 위해 끝까지 준비  한   정책  이었다,1
마음이 아픈것은 더많이갔고있기때문입니다,1
문자폭탄 쳐맞고 고개숙여주니까 조금만 맘에 안들어도 죄다 문자폭탄 날려대지,1
ㅋㅋ 문자폭탄이 무섭긴 무섭나보네 말이 엄청 길어지셨네 ㅋㅋㅋ,1
영진이형 경태형이 조국 커버치는거보고 살짝 빡치셨네 ㅋㅋㅋ,1
ㅋㅋㅋㅋㅋ탁현민의 소품이었데ㅋㅋㅋㅋㅋ,1
언론보도로언론이 사회의 국민들에게사회 정화에 중요한 역활을 해야하는것한사람이 언론에또 맞아죽었구나요즘국민들이 저렇게미쳐가게 하는 언론들언론 개혁을 해야 하는이유,1
마지막으로 한탕하겠다는거겠지,1
브라질은  년  월  일까지 이미  개의 백신을 적용했습니다,1
현 노장들의원님들 나쁜  뽄은 배우지말고  현 젏은시대 흐름에따라   열심히 배워가면서  화이팅,1
마지막까지   공직  조화하네  혼자서다하네,1
하여간 자기들 잘못한건 하나도 없네무조건 회피하고 둘러대고쯥쯥,1
징역년이 적당함니다,1
오년동안 전월세로 살다가 분양받거나 여의치않으면 다시 전월세로 오년동안살수있는 아파트 입니다 분양조건형 임대아파트를 건설 해라,1
조국 사태일때  김부겸  쉴드 치더니  ㅎㄷ 도찐 개찐,1
이런사람밖에없다는것이안탑깝다,1
장경태하는 말 들어보니  민주당 미래가 무척이나 어둠다는 생각이 든다,1
이준석 보고도 너하바드대학 나온것 많나 따지고 묻고 남에일에 이레라저레라 하지마십시요  주병진 앵커님 화이팅   항상  편안 합니다 수고하셨습니다 나중에 또 뵙겠습니다 감사합니다 늘건강하십시요,1
장의원님 정말 부끄러운줄아세요,1
경태야 이젠 젊은이의 패기를 좀 보여줘라역겹네,1
지금 언론이 언론이냐 언론의 예는 빼고 말하라,1
댓글개   ㅋㅋ 역쉬 보는사람이없네 왜일까,1
가면쓴 부겸  더나쁘다,1
지금정권은   검찰이 탈탈 턴다고 말하는데   박통은  더블  플러스 알파로 탈탈 턴거아닌가,1
특별한거 없다참 애쓴다,1
아나운서 공정성  잃었네국개의원 되고싶은 가봐ㅋ 애잔타,1
저는 뉴스는 들어요왜냐면 앵커님이 공정해서입니다다른 지상파는 안봅니다왜냐면 편파적이기 때문입니다,1
조씨는 목소리가 왜 저러냐싸구려같은 느낌,1
국민 눈높이 좋하네  조국 마음에 빛을 지여나 김부겸  그 아버지에 그이들  빚을 지여네,1
돈에 환장한 것들만 민주당엔 있나베,1
수사 방식탓 하는 장경태 니네당 일에  버벅대는 모습이 불쌍히 보이는 것도 한두번이지 점점 뻔뻔스러워 지는구나조국 일가가 저지른 일이 장관 조국 이라서 유죄를 받은 것인지고위 공직자가 아니였으면 그렇게 살아도 되는것인지 명색이 대한민국 국회의원인데 부끄럽다,1
이여자 정말 싫다 독사같다 간사하고 목소리조차 소름끼친다,1
솔직히 장경태 나와서 끝까지 안봤다,1
이준석위원패션에 신경을 좀 쓰면 어떨까요너무 구려 ㅋㅋㅋ애늙으니같으니 정치하는 사람들은  하면 안되나매번 똑같은 자켓에 셔츠 돈은 많을텐데함 고민해봐요 당신 패션이 진짜 너무 구려,1
장경태 의원 궤변을 듣기가거북하네요  역시 내로  남불입니다,1
장경태그래도 검찰 언론 탓하고 조국 수호하냐말하는 것 들으니 멍청하네,1
이준석이 장경태 보다 백만배 낫지 경태야 조국 심 유죄판결난 것 어떻게 생각하냐고 묻는말에 대답하라고 헛소리하지 말고,1
검찰탓 언론탓 하지마라검찰이 범죄자에 눈감아주라구 죄를 지었으면 그 대가를 치러야지불공평하잖아 그 많은 죄도 죄가 아니더냐 양심으로 답하라,1
조국탈탈털렸과거정부인사들은정당한수상였느야,1
이사람들아 제발 좀 정직하고 올바른사람좀 세우세요 더불어민주당들은 소망이없어요,1
경태야 비겁하다못해 불쌍하다  어떻게 하나같이 니들 말을 듣다보면 화가나니 말장난 그만하고 정상으로좀 살자,1
민주당의잘못을모르고있내민주당은잘못이없다투표로심판할겁니다,1
야 이봐 내로남불이냐  민주당 정말 싫다,1
조수진은 국회의원이 아니라 기자로  돌아가라 국회가 신문사인줄 혼돈하고있나보다,1
조국 펀드관련해서는 전부 무혐의 결론 나지 않았나 뭔 민주당만 동떨어졋다고 하는거지,1
잘 보다가 이준석이 나오는 순간 엿같은 방송이구나를 깨달음,1
ㅎ  조국은  아직까지  국민 세금 으로 꼬빡꼬빡  월급 받아먹고  얌채짓을  생각해라 임마 장 머식아 ,1
조수진 일당백 응원합니다,1
마지막이라  도둑질을 마지막으로 해먹겠다,1
마지막공직 뻥이야,1
때중이비서 익산 아줌씨조수진에 억 어디갔냐고 물어보자ㅡ,1
수진아 복당 왜 반대하냐,1
조수진 아직도 저러고 있네,1
조수진 아직도 국개의원이고 ㅋㅋ 기자나 할것이지정치는 왜 할려고 히누,1
성일종 이 사람 뇌가 정말 궁금하다 지  형이 어떻게 죽었는지 알면 국짐당 따까리 못할것 같은데 형 억울하게 죽은것보다   국짐당 국개가 더 좋은게야,1
국짐당 항상 역행자들,1
그런건국민들이판단할건데이사람 안되 저사람은 안되 철회해라 이래라 저래라좀 하지마라 ㅋㅋㅋ,1
야 아니면 민주당 대변인이야  ㅋㅋㅋㅋㅋㅋㅋㅋㅋ 호소인이야 뭐야 ㅋㅋㅋㅋㅋㅋㅋㅋㅋ 어용  답구만 ㅋㅋㅋㅋㅋㅋ,1
우리가 반듯이   이긴다,1
최고 수준 방송감사합니다 화이팅,1
수고가많읍니다 파이팅,1
남양주시  고암이  강력히 응원 ,1
로마에서 응원합니다,1
윤창중칼럼세상 를 보면 박근혜 대통령이 당선되기 전에 쾌도난마에서  사자후를  토해 내실 때가 생각납니다 그 때 그만큼 영향력이 살아 났습니다 화이팅 감사합니다 진실은 승리합니다,1
윤창중님 힘네세요화잇팅 지금은 힘들어도 분명 해는뜰수밖에없읍니다,1
늘 질봅니다,1
윤칼새님 정확하신 말씀 귀에 쏙 들어오게 말씀 잘하시네요 이런분이 진짜 애국자십니다 능력 되시는분들 이런분 후원좀 많이 해주세요 항상 응원합니다,1
아침 영상후 주제별로 영상을 잘라서 분정도로 각각 올리시면 사람들이 더 영상을 많이 볼것같습니다 현재는 너무 길어서 조회수가 잘 안나오는것 같습니다,1
러시아산 수입햇는가 보네요중국산일까요  하하하,1
윤칼세님은  하늘이네리신 우리 나라에마지막  보류이심니다,1
감사합니다,1
 사전투표 우편투표 외국인 선거권 외국인 부동산매입땅과주택이 모든것을 폐지시켜야합니다설마라는 안이한 생각이나라를 위태롭게합니다우리모두 한마음으로대한민국의 저력을보여줄때입니다 화이팅보았느냐문죄인에게 투표한 결과를  ㅡ나라의 외교 경제 정치를 이지경으로ㅜㅡ대한민국의 품격과 국격이 땅에떨어진 결과를차라리문죄인에게 투표한그손을 잘라라,1
그럴것이면  왜 백신을 맞나   앞으로도  코로나로 국민들한테  협박을  계속 하겠다는것우로 들립니다,1
ㅉ ㅉ  ㅉ ㅉ,1
들을 귀 있는자는 들을 것이다 말을 한다고 다 말이 아닙니다 윤창중씨의 말을 들어 보세요 정론은 물론 강약고저완급조절작품의 연설을 하고 있습니다 저는 스피치급 지도자로써 윤창중씨의 말씀에 감탄하며 한편의 예술품으로 듣고 있습니다 이글을 보시는 여러분도 들어 보시고 과연 애국적이고 명 연설가로 후원할만 하다 라고생각하시면 적은 돈이라도 후원을 부탁 합니다 부산 박명수 배상,1
이 부부는 위선의 정도가 조국부부 못지않다 교회 다니는걸로 아는데 참 그냥 감옥가라 번 압류 재산도 상당한걸로 아는데,1
문 정권은 백신 사기만 치는게 아니라 소상공인 보조금 준다는것도거짓말 치고 있습니다 저는 한달수입만원도 안되며 재산도 한개도 없으며소상공인 인데 아직한차례도 한푼도안줘놓고 차례준다고이 정권은 사기치는 사기 꾼 들이며 백성을 우롱하고 있습니다 전국 소 상공인 들이여 여기에 속지를 맙시다,1
니네입장에서 누군들 적합 하겠냐,1
물어 뜯기 ,1
니들눈에 누가적절하냐ㅋㅋㅋㅋㅋ대구토종도안되면 어쩌라고,1
니네가 누구는 찬성하겠니,1
김기현 이사람 솔직히  초선의원인데너무 나서고 말이 많은것 같다,1
국짐당은범죄자아니면 못들어가지 ㅋㅋㅋ,1
무조건 정권교체 만이 살길이다부정선거감시 철저히하고거국내각 구성하라,1
제발 가만히잇어 아무것도하지말고,1
부겸햄점마들하고 놀지말라고 그마이 켔는데 퍼뜩 손절하이소,1
생각하는 마인드가 죄다 똑같은데 기대도 안한다,1
지역주의가 문제가 아니라 굶어죽겠습니다코로나 이거 어떻게좀 해주세요,1
자기사람으로 돌려막기답이 없다ㅜㅜ빨리 년 지나면 좋겠다,1
잘했으면 짤리겠니,1
하는일이 사람 다시 뽑는거랑 개혁만 외치다 나라 싹다 말아먹고 남탓만 하다 끝나겠네,1
탁상앞에 모여서 슬로건이나 짜나보네,1
바꾸기 나라,1
역사가 말해 근데역사까지 길게 안가일년후면 누가 갠지돼지인지 인간인지알게돼그런인두꺼가 한두명아냐,1
ㅡ,1
닐리리 맘보네  국짐당  내년에도 어부지리 되는거 아녀  민주당  멀었다   이준석  하태경 같은 사람없다  민주당,1
정세균 돈많이 벌어낳지  그돈으로 설설해라,1
현 정부 사람이 없나봐 대변인 보면 하나같이,1
민심은 천심 이라고 생각합니다 성공한대통령이 될려면전국적인깨끗한 인재탕평책 인사가중요 하다고 생각합니다제생각엔 누가되든코로나 사태시국에국세조중무리한 국책사업조줄여전국민 에게만원 개월간 지급해내수 경제를 살리고수천만 자영업자 가족을 살립시다감사합니다,1
지역주의는 전라도가 제일 심하지 역으로 설명하면  지역주의가 약해지면서  정권이 넘어 가는거다,1
코로나 대선에 마출려고 이 정부 고생하는거아닌가,1
김부겸씨  반드시 복음으로나가세요하나님편에서일할까           문재인편에서일할까지켜볼끼라요,1
김부겸은 총리 발표  듣고 좋아서 입이 귀에 걸린것 같은데 아닌가요시종일관계속 웃고 좋아서 난리꿈인지 생시 인지그동안 두 얼굴 가지고 살았잖나요민주당 사람이니 당연 문재인 정권 편들면서 살아 왔잖아요속마음 숨겨두고 방송 인터뷰 할땐 살짝 대구 사람들 눈치 보며 했던말알사람은 다알고 있어요,1
개혁의 의지가 아니고 끝까지 쇼 쇼 쇼 쇼,1
노무현 측근들 이제 그만좀해라지겹다부동산 폭등 세력으로 밖에 안보임,1
언론개혁 검찰개혁 사법개혁 국민의힘 해체 그렇게 하면 내년 대선지선 다 이깁니다,1
맞읍니다최강욱 의원이 최적임자죠지금부터 우리모두힘을합쳐 꼭성공합시다,1
박주민의원김용민김남국 이탄희이재정이수진최고의위원의,1
최강욱의원님이 법사위원장이  적임자라생각합니다,1
당연하지최강욱법사위지켜주셔야됩니다,1
윤호중의원님 축하합니다깨시민이 속이 후련하도록 개혁속도감 있게 진행해 주세요검찰개혁언론개혁 포탈까지최강욱의원 법사위원장 지지합고되시길 바람니다,1
최강욱 의원님 화이팅,1
맞습니다 최강욱의원이법사위원장이 되길 기대합니다,1
조선일보 부수조작사건 수사하라모두개혁하라 국민의명령이다,1
윤호중님 추카추카강력한 개혁을,1
이제는 친문비문이 아닌개혁과 비개혁세력으로 바라봐야 합니다,1
네이버와 다음의 뉴스 편집자와 책임자를 조사하면 이상한 이유가 나옵니다,1
뉴스반장 늘 응원합니다 ,1
최강욱 법사위원장 홧팅,1
언론 포털개혁 시급합니다쭈욱쭉 밀고 나갑시다,1
개혁에 박차를 가하여 다같이 힘을 모아 앞으로 전진 합시다옆이나 뒤돌아 보지말고 앞만 보고달려 갑시다 민주당 화이팅,1
최강욱 열린민주당 대표 찬성 합니다저의 생각도 최강욱 대표가선출되면 딱 인데 말입니다최강욱 추천 합니다,1
개돼지들이 너무 많다는 생각이 드네요아직 이 나라 멀었지요,1
네맞아요 법사위원장 최강욱 의원 강력추천합니다최강욱 화이팅,1
표 헐 수박이 진짜 많구나,1
앞에 나서 노력하시는 최강욱 윤호중 김남국 박주민 김용민 의원님들 등등 고맙습니다,1
최강욱 홧팅,1
최강욱 적극 추천합니다 강력한 개혁을 위해서는 최강욱 밖에 없습니다,1
우리나라 언론은우째 조썬아래 전부있나봅니다,1
명 수박들은 각성해라,1
최강욱 응원합니다 ,1
똥밀필패는 과학을 넘어 진리다,1
명 수박인가ㄷㄷㄷ명이나 있었구나,1
근데 이철희는 아무리 생각해도아닌듯김부겸,1
쥴리엄마 문서위조,1
저도 최강욱  넘  맞는  자리입니다,1
포털의 악마적행태를 그대로두면 대선도 필패임ㅠㅠ,1
최강욱법사위 원장 강력 응원합니다,1
법사위원장으로 최강욱 갑시다  믿음이 갑니다,1
계혁이 시급합니다 빨리할수록 우리에게 유리하다,1
법사위원장최강욱의원님추천올림,1
자 추진력있게 힘차게 지치지말고 강력하게밀고나갑시다 화이팅 합시다,1
최강욱 표,1
최강욱의원을 추천  법사위원장으로,1
의리ㅡ 의리 ㅡ 또의리 ,1
최강욱 좋습니다,1
열린민주당  통합 추천합니다,1
최강욱동감,1
믿음이 갑니다응원하겠습니다  화이팅,1
와법사위장최강욱그거 듣던중 딱이네,1
짜장 맛집이라고 해서 먹으러 갔는데썩은 양파하고 썩은 돼지고기가 주방안에 돌아다니는거보면 그 짜장 먹겠어,1
상임위원장은 초선이 어렵다고 함,1
최강욱 법사위원장 시키면되요,1
수박낙연아그만 집에가거라 수박더 깨지기전에 가임마 ,1
강원도 중국 테마파크 승인 대한 것 함 다뤄주시면 어떨까요,1
너무너무  굿 무족건 최강욱으로,1
언론이 문제다,1
쓰다가 버린  캐릭,1
기회가 왔을때 잡아야지 놓치면 안오는게 기회랍니다 애석하게도 이낙연은 놓쳐네요,1
저낙엽 수박들 데리고 나가라,1
그러니까 수박이 명이네,1
최강욱이  최고다,1
박완주 표나 나오다니 ,1
뉴스반장 화이팅,1
반가운말씀잘해주시길바랍니다,1
갤럽 저것들 허는짗거라고는 다들안다니까,1
매우아주몹씨 잘됐어요,1
개나발 불지말자 낙엽,1
올소올소정답,1
법사위장에 최강욱 가자,1
언론 개혁만 제대로 해도 대선준비 년 할 일에 반은 다 한거 같은데,1
최강욱 화이팅,1
참 잘쌩겼다 잘해쥬슈,1
수박이 육십다섯개나돼나,1
엄중이잘감시해  조작의달인같아 초선들초알받이로,1
조건이 안된다합니다,1
수박이 통이다,1
현상이 아니고 과학입니다 ,1
수박 통은  어쩌려나 걱정스럽,1
이철희는 아닌데  ㅠㅠㅠ,1
근데 이철희가 과연 온전한 우리 사람인가,1
최강욱법사위원장최강욱 강력지지합니다,1
빨리 언론 및 방송 개혁 해야함,1
최강욱법사위원장가자,1
표 의미가 뭘까요,1
윤호중믿습니다홧팅,1
박완주쪽 명이 수박이네요 생각보다 많아서 충격 이러니 개혁이 삐그덕 거린건가,1
헛바람 지지율ㅋㅋㅋ,1
저도 동감입니다 최강욱의원님 법사위 원장,1
최강욱의원 추천 법사위원장,1
윤호중 화이팅,1
언론개혁이 가장  급하다 악의 축이 바로 언론이다,1
확진자 억 사망자 약 만 차 세계대전 사망자 민간인 포함 천만 코로나를 공포정치라 하는 애들은 진짜 세계 대전쯤 나줘야 공포를 느끼나,1
희망이지만 최강욱의원이 되었으면 좋겠네요,1
민주당에  자격 미달 의원들 최소  명이 있네요  은 저쪽편이라보면  맞을듯,1
최강욱 강력하게응원합니다,1
근데민주당내수박이너무많네,1
윤호중 의원님 축하합니다 ,1
낙엽과인 빨간수박들 쳐내고 언론개혁법 속히 통과시켜야 내년 대통까지의 첫째 둘째 단추다 다시 깨어나자,1
윤호중 의원님 축하합니다,1
이철희가 웬말이냐,1
당선축하이제부터는 정신차리고민생에힘서주시고 힘네세요 뉴스반장님 화이팅 하세요,1
반장님  답입니다 낙연헝아 체신좀쥐켜라 안돈다는거 다들아는데 자신만모르는 거임 ㅎ 웃기고자빠젓네 우리는 니들이한칮거리들을 다알고있느니라,1
지난 선거 일베화되어가는 젊은층에 너무  마음 아팠고 분노스러웠습니다 포탈과 언론을 고스란히 믿는 모지리들이 이리 많을줄은 ㅠㅠ 언론이 가장 시급합니다,1
박경미의원 기대되요 ,1
수박 새끼들이 면은 더듬당에 있구만,1
ㅋ 좋아요 최강욱 의원님법사위원장 적극 지지합니다그럼 넘좋죠,1
포효하는  호랑이처럼 맹렬하게 개혁에 임해주시길  검찰  언론,1
최강욱카드좋쵸 개혁입법만들어 지금 개혁해야합니다 시간이없습니다 지금해야합니다,1
국짐당 일안하면 국민들이랑 협상합시다,1
윤호중 의원님 홧팅,1
뉴스 반장님 안녕하세요 건강하시고 힘내세요 응원합니다 지지합니다 최고 화이팅,1
이건 분명 조작,1
법사위원장으로  최강욱의원님  딱  입니다,1
    우리가 조국이다우리가 추미애다수박 저것들은 그분들 반에 반도 못미치고옆에 세우기도 부끄러운데 어쩌나,1
최강욱의원에 한표,1
지금 넘쳐나는 코로나 관련 가짜뉴스가 넘쳐납니다 백신 접종률이 단순비교 전세계 위니 하는 가짜뉴스 관련 팩트정리도 좀 다뤄주시기 바랍니다 그냥 나두면 큰일이 벌어질수도 있습니다,1
개혁은 입으로만 하는것이  안이다  카드라ㅋㅋ,1
최강욱의원이 답입니다,1
차기법사위원장은 최강욱의원이 되었으면 합니다,1
김부겸훌륭한인품을갖춘분이라고생각한다ㅡ,1
김부겸 이철희 둘다 아닌듯 합니다개인적 의견,1
법사위원장 최강욱 으로 해서 열린민주당 지지자들에게 준 상처 씯어주세요,1
언론개혁이 순위임,1
지지도는 국민들의 지지를 받아야지 언론이 짜맞춘 지지율이 무슨 소용이 있겠냐,1
부동산 개혁 안정,1
개혁을 포기한 인사라니 답답하기만 합니다,1
지금 지지율 개판난거 보면 참  이렇게 한가해도 되는가,1
거짓 언론과 기레기들 많이 지지허위 포나르라허세요 개무시도않믿고 무시하고 우리가 뭉치고 얼렺기씩햐요,1
윤호중 의원 목소리가 신뢰가 가네요 기대합니다가는김에 최강욱의원을 법사위원장으로,1
세상이상하게 돌아가네 오세훈이 시장됐으니까청년일자리 부동산 바로못잡으면 알지두고 볼꺼야,1
여마리 적폐들 이름까세요당원의 이름으로 처단합시다,1
법사위원장  최강욱 의원님적임자입니다 ,1
협치라는 좋은말이 이렇게 듣기싫은 말이 될줄이야개혁한다는말은 백번 들어도 좋고 협치하자는말만 나오면 짜증이난다  내각제라는 말은 소름이 끼치고 진저리가 난다얼마나 도둑질을 하고싶으면 내각제 타령을 하는지내각제 되는 순간 나라는 부패하고 혼란에 빠질것이다,1
보궐참패 책임자 이낙엽 지지율 가 문프를 지킨다고 고만 좀 우롱해라  그럼 여짓껏 배신 때리고 있었네셀프고백,1
전혀 이상하게 생각안해도 된다조작질이고  공작질이다국방외교 경제복지  알아언론개혁 깃발세워서  추진하면  큰거품 빠진다,1
법사위원장으로 최강욱의원을 적극 응원합니다,1
검찰총장이    댓통하면  젤  잘하는게    뭘까요   ,1
의원님장저합니다,1
박완주를 명 명단을 알고 싶으니 공개 합시다 개혁을 멈추면 대한민국의 미래는 없습니다,1
최강욱의원님은 안된다고했어요,1
이철희는 안되,1
최강욱의원이 법사위원장 답이다,1
법사위지켜주셔야됩니다민주당 국회의원최강욱,1
이철희 정무수석 ㅋㅋㅋㅋ 실실 웃으며 좋아 죽던데청와대 앞날이 안봐도 훤하다 에혀,1
김남국 김용민 의원도 참 훌륭한  의원님이지만 지금은 검찰언론사법등개혁할것이 워낙많으니 강단있고 강력한 최강욱의원이 법사위원장 되셨음 좋겠습니다,1
최강욱의워남도적극지지합니다,1
언론개혁이 절실하다,1
윤호중 의원님화이팅입니다 ,1
절대잊지말자 초선 오적과 그뒤에서 조정하는 더블당내 인물들 이제 그 본모습을 드러내는이낙연 홍영표 노웅래 소병철 백혜련 박용진 이상민 정성호 변재일 안규백 김혜제 송기연 박성준 양향자  진선미 초선적이소영 장철민 오영환 장경태 전용기 조웅천 이름 더 아시는분 댓글 달아주세요저들이 말하는 국민은 국힘당이고 검찰이고 법관이고 언론이고 부동산투기꾼 비위고위공무원 재벌들이다,1
최강욱의원님 강추합니다  응원하고 존경합니다,1
윤뚱을 누가 어떻게 물어서 지지율이위라는거냐 뻥치고있네    국짐좀비여론조사 어이가없네나는집에전화오면 끊어버린다누가 계속듣고있나,1
야당의 법사위원장으로 추천합니다열린 민주당 최강욱,1
법사위원장 최강욱의원님 응원합니다,1
윤호중 원내대표님 당선 축하드립니다진정한 민주당 의원은 명 이었군요수박 명 숫자가 많네요이들 때문에 개혁이 막혔다니 화가 납니다제대로 적폐청산하는 그날까지 개혁 멈추지 말아주십시오윤짜장 대통령 후보 더럽다,1
언론포털전광석화같이처리 하지않으면대선도 날아 간다더민주수박들 명심하라 지금까지 지지자들속터지게한자들특히명심하라,1
윤호중 원내대표  언론개혁 화이팅 후임 법사위원장 최강욱 의원 화이팅 희망,1
이번 박형준오세훈 당선되는거 보니 윤석열이 안된다고 보장 못할듯 요즘 민주당 행태보면 검찰개혁언론개혁 멀었다 싶네요깨어있다는 설시민 부산시민도 국찜에 표던지는 마당에 대선도 참 불안불안합니다,1
조작과 공작으로 민주개혁촛불세력을 폄훼하는 조중동 등 거짓말 언론을 징벌적 손해배상 제도를 도입한 언론개혁을 통해 확실하게 정리해야한다,1
주호영 성추행 사건을 뜩심있게 밀고 갔으면 민주당 압승 이였습니다 그걸 못한것이 민주당에 숨어있는 적폐 때문이죠,1
민주당 똘똘 뭉집시다,1
윤호중  의원님  축하드립니다  검찰개혁  언론개혁  꼭 해주시고  국짐암당 발목잡기로  처리못한 입법들  다 시행해   주십시요       개혁과 민생 위해   열일  해주십시요,1
윤호중 화이팅이다 검찰개혁 언론개혁,1
최강욱의원님으로찬상합니다,1
윤호중의원님 축하드립니다,1
최강욱의원지지합니다적극지지합니다,1
제발 현실좀 직시합시다 서울시장 선거도 이렇게 괜찮을거다 갤럽의 조사가 신빙성이 없다 실제 투표하면 다를거다 하다가 당했잖아요 물론 윤석열이야 공수처에서 잘 밝혀낸다면 큰 문제는 없겠지만 오세훈 박형준의 그렇게 큰 비리를 밝혀도 보궐선거에서 참패당했으면 이렇게 괜찮다 괜찮다 할 문제가 아닙니다 촛불의 의미는 적폐를 몰아내자인데 지금 민주당을 보면 새로운 적폐가 보이긴 시작하는것은 저만 그런겁니까 네거티브 정치는 실질적으로 와닿는 더큰 네거티브에 당할수 밖에 없습니다 표심 떠난 이유가 그거잖아요 제발 민주당 정신 좀 차렸으며합니다 괜찮다 할 때가 아닙니다 위기에요,1
아직도조작질하고싶겠지안되저뒤에여시제언론계혁안되낙연낙향해,1
언론개혁 올해안에 끝나야 됩니다대선전 언론들의 허위정보가 계속된다면국민들은 진실을 모르고 참패합니다꼭 언론의 편향된 보도를 잡아야합니다최강욱의원님 응원합니다정신차리세요 민주당,1
민주당에 제대로 된 명의 의원이 있나봐요천만다행입니다윤호중의원님 응원합니다,1
언론개혁이 필수다 언론개혁없이는 폭망 윤석열이 트럼프처럼 뽑힐 수도 있다,1
최강욱의원님 법사위원장 지지합니다,1
윤호중    축하해요     지   가자     민주당   미어요  화이팅,1
이낙연은 지금까지 가면을 쓰고 있었구나,1
최강욱 의원이 법사위원장 맡게 되기를 간절히 기원합니다 민주당이 개혁적인 당이 되려면 열린민주당과 협치해야 합니다 국짐당이 아니라 청와대 인사결정 라인에 수박들이 대거 포진하고 있는 것 같습니다 이철희가 정무수석 이라니,1
이러한 현상은 기레기언론때문인데 왜 그걸 지적안하십니까,1
개혁을 할려면 하고 말라면 말라하는둥 마는둥하니까 표가 떨어지는 것이다개혁은 협치로 되는것이 아니다일본간첩들과 협치가 왠말이냐,1
최강욱 의원을 법사위원장 추천은 국민이 추천한 거나 다를 바 없네요  최강욱 법사위원장 추천은 곧 개혁이다이철희민정수석 내정은 심히 우려되네요,1
언론개혁 검찰개혁 확실히 밀고나갑시다  윤호중씨 환영합니다,1
엄중씨는 반성하고 그냥 정치권에서 사퇴하시는게 좋을것 같아요단 책임질건 지고 떠나 가세요,1
잊지마시기를  청원드립니다깨시민들의   염원이 이뤄지기를최강욱   박주민김용민 김남국임검사님 조국가족일가 모두가윤대표님의   영향력으로제자리에 들어오시기를청원드리며      만주당  만세,1
윤호중 의원님  당선 축하합니다  개혁 밀어부치는 일하는 정당으로 국민이 조아하는당으로 만드세요,1
윤호중 의원님 가장 시급한 개혁은 언론개혁과 검찰개혁입니다 즉시 언론과 검찰을 개혁해야 재벌개혁과사법개혁은 수월해집니다,1
윤호중의원님 열열히 환영합니다국가의 미래가 걸린검찰 언론 개혁을반듯이 완성하시기바랍니다 응원합니다,1
윤호중 원내 대표님께서 민주당을 혁신 개혁 정당 국민과 함께하는 정당으로 만들어 주시길 기대합니다,1
협치협치그들을 그렇게 격어 보았으면서아직도 협치 를운운 하는박완준가뭔가하는 의원분별력이 참으로멍청 하구나ㅡ,1
최강욱의원님한표입니다어느누구보다잘하실겁니다,1
부동산만 잘 해결하면 민주당 지지율 회복하겠네요그동안 강력했던 부동산 정책이 곧 가시적인 효과를 발휘하기 시작할 겁니다유튜브 박감사리얼아이 라이트하우스 쇼킹부동산 보시면 진짜뉴스를 보실 수 있습니다더불어 기레기들이 부동산 뉴스를 장악한 현실도 아실 수 있죠 ㅋ,1
이상한 대선지지율 아닙니다중도가 계속 현장에서 무너지고 있어요 언론사들의 가짜뉴스때문에 무지한국민들은 언론에 세뇌되면 쿠테타정권도 좋다고 했던 시절도 있었습니다 특히 표창장위조라고 지난 년간 줄곧 해대는 언론 언론개혁 강하게 하지않으면 더불어민주당 망합니다 느슨한 입법으로는 안됩니다 신속하게 진행해야 합니다 어떻게 아냐고요 누구나 자기자신의 나름정치소신으로 바라보고 판단합니다 저는 중도진보개혁적 입장이라 여러 이야기를 듣습니다 중도보수나 무지몽매하여 부화뇌동을 하는자들과 대화해보면 압니다 중도보수는 민주당에서 완전히 돌아섰고 중도진보도 개혁뭉개는데 질려서 민주당에 희망보다 포기적이 되어가고 있어요 지지율 무시하지마세요 진실을 안다고 대한민국내 무지한자들까지 진실을 향한다고 착각하지 마세요자신있게 말씀드리겠습니다 올해 늦어도 추석이전에 아니 여름휴가철이전에 언론개혁검찰개혁 하지않으면 더불어민주당은 대선 총선지자체 돌아오늘 선거들 폭망합니다  저는년 월  밤 잠을 이룰수가 없었습니다 사건조작에 걸려들어 있는데 민주당은 한가하고 개혁은 뒤로 미루자고 김부경 을 비롯한 다선정치인들이 부추기는데다가 이낙연 반개혁정치인은 개혁에 못을박아 반대해버렸고 지금은 밀정들이나 하는 그 하찮은 몇몇의원말을 소중히 받들고 있으니어찌 선거에 이깁니까 개혁한다해서 서슬퍼런 코 초기 바이러를 무릎쓰고 뚫고나가 지지표 주었더니 더불어민주당 의원 자신들이 잘나서 지지해준줄 알고 헛짓하고 세월보내고 있어요 낙선이 다음총선 선물이죠 청와대압수수색들어간다 아무리 진보유트브방송에 댓글 달아도 우리의원수가 명인데 어딜감히 ㅋ 어떻게 되었나요 여러번 들쑤셨죠 검찰당 만든다 어떻게 되었나요 그리되어가고 있죠 저도 지난 국회의원선거 이긴다 예상해서 댓글도 그리달았어요 이번선거는 물론 코에 지친것도 있고 부동산문제도 있지만 왜 민주당은 자신들 지지자 의견은 무시하고 국짐당지지자 의견에 초점을 맞추죠 그들은 전부 자신들 이익주의인데 이번보권선거 국짐당지지자들이 투표장 많이 나간것도 있지만 더불어민주당 지지자들 투표포기도 많았고  누가 꼭 투표하러갈 의욕도 없었어요 그리고 민주당은 안철수대표 무시하지마세요 안대표가 이번시장선거 양보안하고 둘로 쪼개져 나올줄 알고 희망도 걸었죠 대선에도 보수당들이 쪼개져 나올것이라는 착각속에 또다시 우리 의원수가 명인데 어디서 빙신들만 모아놓았나 하는일없이 빌빌대면서 개혁은 무덤속에 파묻은것인지 하나더 범죄혐의는 선거때 터뜨려서 이용한다고 지지표가 바뀌지않습니다 미리 조사수사하고 구속하고 처벌하여야 합니다 선거때 터뜨려봐야 효과적어요 더불어민주당 국회의원들에게 년정도 더 시간이 있다고 보지 않습니다 앞으로 개월정도후에 앞으로 년후까지의 결론이 나오게 됩니다 언론사에 대한 강력한 개혁법안 주변 헛소리 다 무시하고 입법통과시키고 검수완박까지한 연후에 오로지 민생에 집중하세요 민주당의 시간이 얼마 안남았네요  그리고 암덩어리같은 발언하는자는 과감하게 제명하겠다 하세요그것들 나가봐야 낙선합니다 암덩어리는 전염력이 강합니다 퍼지기전에 잘라야죠생각할수록 반개혁정치인 이낙연전대표 진짜 이사람 실망 원망스럽네요 그릇이 작은데 가만히 있기나 하지 그래도 희망적인것은 훗날 윤석열 감방가는 모습은 볼수 있을겁니다 자연과 우주의 섭리는 그리되어 있어요,1
엄중양반의 대통령님을지키겠다는 참으로 이상한말아닌가요 본인과 홍주사등 압도적의석을줘도 개혁입법에 뭉기적거리는 권한을줘도쓸줄모르는 민주당지도부 수박들때문인데 거기에대한 사과한마디없이 감성에호소하는 진짜얍삽하고 악질입니다 엄중씨의 정계은퇴를촉구합니다,1
윤호중님든든합나다지지합니다법사위원장은최강욱의원님적임자입니다,1
최강욱 의원님이 최고죠,1
이낙연은  떨어진 연 이라고 할까요,1
검찰총장 임은정 추천합니다,1
국힘당 여성의윈들이 페미관련 민주당 및 대통령 공격이 대대적으로 있을 예정이다,1
이낙연은 왜 무엇을 잘못했기에 잘못했다고 용서를 빌었을까 그것이 민주당이 잘못을 한것처럼 만든 이낙연의 실책이다,1
조국 전장관과 가족분들 응원합니다떡검해체  적폐언론개혁 가자,1
개혁없이 미래없다,1
이철희가 제일 맘에 안들지만 이제라도 정신차리고 민주당 청와대 흔들지 말고 보필 잘하길 바란다,1
민주당  엿먹이는 거지,1
이상한지지율 전혀이상하지않습니다 지극히정상 세상이미쳐서 민주당이제정신아닌데 전혀 이삼할게없죠,1
민주당적패청산을하며다시돌아온다빨리해라,1
민주당은  열린당과 빨리 통합하라,1
이철희 걱정된다믿음이 안간다약하다 약혀,1
그래도 물봉가튼  민주당 희망이 보이내  통의 수박넘들 콱 깨부셔야됨니다 윤호중 화이팅 ,1
에효 뭐가 이상해유 구기득권이든 신기득권이든 민생개혁 안하고 밥그릇 싸움만 하는것들 짜장면 단무지 씹듯이 자근자근  씹어줄것 같지 안나요 선별적으로 세심하게  ㅋㅋ,1
최강욱 법제사법위원회 위원장정말 찰떡인데 민주당에서기득권을 버리고 그리할까요이낙연 아웃조응천이상민박용진송기헌 백혜련노웅래박완주초선적등등등수박들개혁의 걸림돌들,1
해외에서 나라걱정에 다음포털을 년 넘게 매일 들여다본사람으로 지금의 포털기사는 정말 심각하게 편향되있다 쓰레기언론 가짜뉴스의 끝판이다 정권창출하고 싶으면 언론개혁 아니 대청소가 답인듯,1
윤호중 의원님 실망 주지 마세요열렬히 응원합니다개혁의 속도전 입니다,1
윤호중의원님축하합니다이낙연의원님은민생문제선별지금때문에이지경이된고본다민생개혁최배근티비을보니이낙현의원님정말속터지더라구요,1
폭망한다고 고사지내는데 왜 지지율은 자꾸오르지적당히 저주해라신기도 인 주제에,1
이철희 저자는 민주당인지구김당인지 감을 잡을수 없는 발언들을 하던데 이번에 제발 인사좀 잘 하십시요,1
현제 민심이 기울어진상태에서 윤석열지지율 무시하면 큰코다칠듯 민주당하는거보세요 선거참패해놓구 조국탓을하질안나 당원들시 문제라고  위기라고 생각되네요 누가적폐인지 깨시민조차 헛갈려하지 않을까요,1
윤호중원내대표축하합니다깨국민은개혁특이언론검찰개혁만이민주당이살길입니다개혁해주십시요,1
전 민주당이 공정과 정의를 표방하기에 수십년을 지지해온 사람입니다 하지만 증권사의 불법 공매도 횡포를 방치하는 민주당 이제 지지하지 않습니다,1
갸는 관상학적으로 진보와는 단 한곳도 어울리는 부분이 없는 인간이다 걍 굴비나 많이 무그라케라,1
언론개혁 빨리하지않으면  언론에 죽는다 민주당 뻘짖거리하지말고 언론개혁하라  이낙연 너도 산다,1
조중동 합작품조중동 언론이라 믿는 민주당 의원들 한심합니다,1
민주당 이나견이가 말아먹고 이제는 민주당중진들이 이제민주당 말아먹을 차례인가 언론검찰개혁 발목잡은 민주당 애기들 모두 살처분하지 않으면 대권 꿈도꾸지마라,1
인재가 그렇게 없냐 민주당은기대감이 없다,1
청장하나 못잡는 정부  여당  모든원인이  여  정부탓  범법자들이득실한데  못잡는 여와 정부  무능 하다못해  여론의식  눈치 보다 열심희 일해보겠다는사람 팽겨 치고 인사또한눈가리고  아웅  누구 탓하지마라  너무실망했다  정치 하는사람들 아니  사업하시는분들 아니신가  여야똑같다   이런나라  무슨 희망이있겠는가  윤 석열  화이팅  어짜피 범범자들이 판치는나라인데  ㅡㅡㅡ,1
더민주 권당입니다 열린민주당에 이쯤되면 사과해야되지 않을까 아무리 권당이라 민주당을 지지하지만 열린민주당이 훨씬잘합니다,1
윤호중 의원이 개혁의지가 있으시면 최강욱으로 하시겠죠 그리고 이낙지 저 인간은 그만 민주당을 나가주시길,1
법사위원장은 최의원이 답이다,1
이낙연은 민주당과 정치를 떠나라,1
민주당망해라 울화통 터진다,1
민주당 정신 차려라개혁에 미적지근 하니 석 밀어준 국민들 뿔나지우물쭈물하더니 이럴 줄 알았다이철희는 믿었던 만큼 실망감만 준 간신배 같다,1
이낙연씨는그냥 민주당 근처에 얼씬도안해 주셨으면부탁한다ㅡ,1
이낙연 전대표가탈당해야  맞는데그렇지 않으면입다물고있도록 해야 한다검찰개혁 언론개혁 개혁 반대 공작을펼수 있으니까 요,1
  검언 개혁없이 참  해방은 요원하다  민주당의  희망 이재명 매국노 이낙연 노웅래 윤영찬 박용진 김해영 이소영  조응천 오영환 장경태 홍영표 장철민 전용기 홍남기 박완주 등  코로나 전파 백신접종 반대하는 마귀 개독교 퇴출,1
이낙연은 방역당국에서 자가격리 하란말도 안했는데 스스로 자가격리를 ㅋㅋㅋ 진짜 나쁘다선거참패 책임안질려고,1
이낙연은 민주당을 말아먹을 겁니다이낙연은  언론검찰관료들이 지지하고 있음을 촛불은 알아야 합니다,1
문재인은 개혁을 포기하고 정권연장도 포기한듯 합니다,1
   검언 개혁없이 참  해방은 요원하다  민주당의  희망 이재명 매국노 이낙연 노웅래 윤영찬 박용진 김해영 이소영  조응천 오영환 장경태 홍영표 장철민 전용기 홍남기 박완주 등   코로나 전파 백신접종 반대하는 마귀 개독교 퇴출,1
토지는 공공재맞아 시키들아 뭐가 위험한 생각이야,1
온론 같지도 않은 기렉언론으로 변한 ㅇ국일보에 김부겸이 현실정치에나와서 개혁이 걸리똘이 될 거같다는 생각이 나오고 역쉬 기렉 언롬이라 그런지 조회수도 없네 퉤,1
진짜 위험한 생각을 가지고 있는 사람이네요,1
ㅋㅋㅋㅋㅋㅋ불리한 답은 피하고 보네,1
