﻿Comment,is2030
과연 공식 링에서 홈런이 될까 민심은 조석변 원한이 너무커 요 진짜는 꿈틀거릴거다 자고로 권력자 뒤끝은 낭떠러지 였다 한때 서슬퍼런 역사적 칼 날들 역사는 비운을 면치 못 하 였다 누구를 지지해서가 아니다,1
윤석렬은 그 칼로 너무 많은 착한 애국자들을 베었다 대통령 생각 마시라 지금부터 은둔하고 앞으로 어떻게 피를 응만착하게 살아갈지를 생각하시라,1
각 군 중에서도 공군이 빡세지 않고 편안한 군대로 인식되어 있다 물론 공군에도 붉은베레같은 최강특수부대 있지만 대부분은 기합이 들지않은 점잖은 군인들로 인식된다 그런 공군에서 더 편한 상왕보직이 법무관들 이었다니 이런자들이 의무기간만 떼우고 사회로 나오면 이들의 세상사 보는 시각이 절대로 일반적 상식적이지 않고 서민적이지도 않아 어려운 자들의 편에서 판단하지 않는다,1
공군에서 가장 한량들이 법무관 그리고 군의관들이다 본인들이 말하길 우리 같이 우수한 인력이 이런 곳에서 왜 썩어야 하는지 모르겠다고 한다 그럼 목숨을 걸고 뼈를 까는 고통을 감내하고 그 자리에서 묵묵히 근무하는 전투 조종사들은 바보들 이란 말이냐 조종사들이 그들보다 우수하지 못한 자원이라서 그 일을 하는 것이 아니고 나를 희생하며 국가의 안위를 책임지는 사명감이 투철하기 때문이다,1
혹시 군인들이 법를 어기지 않으니 할일이 없어서 ㅋㅋ 좋은현상인지 나뿐현상인지,1
내가 직접 근무해보니 공군은 육군과 비교하면 군대도 아니었다 해군이나 공군은 육군에 비하면 턱없이 인적 규모가 작은 군대다 머리수가 작고 대부분이 조종사들을 우선시 한다고 했다 난 조종사들과는 관련없는 직무를 맡았지만 저 동네는 교통이 막혀 몇 분을 지각해도 군무원이나 부사관들을 군기교육대에 보내는 인간들이고 각종 얼차려와 사병들 훈련소처럼 군기교육을 받는다 거의 사병취급한다 헌병대 볼 일이 있어서 가면 헌병인 사병들이 앉아 있는 단이 지면보다 거의 정도 위에 있어서 쳐다봐야 한다 처음 가보는 사람들은 그 위압감에 거부감이 들고 군대가 아니라 거의 당나라 군대같은 느낌 해군도 공군못지않은 한심한 군대다 간부라는 작자가 기초적인 전산업무조차 못하고 이해를 못하는 한심한 군대 간부가 그 정도이기 때문에 사병들은 말할 것도 없다 당시 기무사에 있던 놈이 자신의 친척과의 문제를 군에 끌고 들어와 압박하질 않나 완전히 썩은 군대다 저런 군대는 희망이 없다,1
월급은 왜 많이 주나 해임 후 년간 변호사로서 업무를 수행할 수 없는 불이익이 커서 봐준다는게 뭐야 그걸 감수하고 결근한 것 아닌가,1
핸드폰 워라벨에다가 군대의 본질과 다른 이상한 것들 선동하더니 결국 명령이 안통하는 당나라군대 훈련안하는 월남스키부대같이 되어 버렸다 군대는 워라밸이 아니고 훈련이다 회사는 실적 학생은 시험 이듯이  어처구니 정치꾼들,1
이런늠은 공군사격장 타게트에 세워놓고 사격훈련용 타게트로 사용하여야 한다공산당보다 더 악질인늠이다,1
군법무관에게 로마군대의 데키마래군기가 극도로 빠지면 추춤으로 명 중 명을 뽑아 동료들이 몽둥이로 때져죽이는 형벌를 실시해야겠다,1
이럴때 항상 나오는 답 규정과 절차에는 문제가 없었다,1
사회는 더이상 특권을 용납하지 않는다 법대로 알괄처리하면 금방 개선된다,1
군법무관의 잘못이 아니라 그만큼 군대가 썩은 거다 군검사는 기소권이 있다 그만큼 군상관들의 약점이 많으니까 오만방자하게 나댄다는 뜻이다,1
당나라 군대 보다도 훨씬 후진 군대로 전락한지 오랜 군대가 어디 공군 뿐이겠나 자기 나라를 통채로 넘길 것 같아 보이는 데도 꿈쩍도 않는 군대 이건 이미 군대가 아니고 무직자를 국가가 생활 보장해 주는 집단이 아닌지 모르겠다는 생각을 지을 수가 없다 어련하시겠나 자기들이 상으로 모시는 핵돼지를 기쁘게 하기 위해서야 무 슨 짓인들 못하겠나 하는 생각일지 모르지,1
해임을 취소한 판사넘도 문제다,1
망한 이씨조선의 뿌리깊은 병폐 을 로 바꿔야 나라의 미래가 있다,1
이런 애들이 나중에 국민들 뭐로 보겠니 개 돼지로 보는 거지,1
조국의 개가 법무관으로 있으면서 뭘 보고 배웠는지 알만하다,1
판새들이 문제네 저렇게 사실관계와 증거가 명백한데도 지들 패거리라고 편들어주는 판결을 하다니 검찰개혁 보담 사법부 개혁이 더 시급하다,1
군 법무관 군기 극도로 해이 년대엔 규율이 억망인 오합지졸들을 장개석 군대냐는 힐난성 비아냥이 있었다 문정권 하 군 법무관이 년전 중국 공산 모택동 군대와 싸우는 척만하다가 패하고 대만으로 달아난 장개석 군대 꼴 추미애 아들은 엄마의 위력으로도 군복무 맘대로 했는데 법무관들은 제노력 제실력으로 법무관이 됐으니 공사 구분 못하는건 천출 저질 행위다,1
온통 쓰래기들이 활개치는 나라가 되었으니,1
윤사모에 가입했습니다 적극 응원합니다,1
윤석렬뿐이다 무조건 저 민주당놈들 다갈아치워야한다,1
재명때문에 경기도 산다는게 부끄 러운데 지지하는 가 궁금하다,1
우리 미애는 오데로 갔나 미애가 대항마로 나와야 하는데,1
우리국민들은 코로나를  길수 있슴니다,1
얘들아 고맙다    되면 서울 께 십만원씩  여지것 격어 보지 못했던 나라 은 왜 모두 열어 놓았는가 우리 은 삶은 소대가리 집 값은 올라야 제맛 대는 아직 덜 익었다 이게 문가의 나라다,1
전라도폭동 환상에서 벗어나세요,1
검찰총장이 대선후지율위인 나라가 정상적이라 할수는 없지만 민심은 진짜적폐정권을 심판할 적임자라 생각하기 때문일 것이다꼭 당선되어 무법천지를 일삼은자들을 엄벌하길,1
이참에 계속 밀고나가 민주당 새끼들 쓸어 버리자,1
일자리와 경제를 시원하게 말아드신 민주당 빼고 선거 검찰개혁 해도 민초의 목구멍에 아무런 도움이,1
짜증나게 이 선호도 조사는 기삿거리로 하지말라 좌빠리 이재명이가 될랑가 않될랑가 모르지만 또다시 좌파민주당이 된다면 이 나라는 영원한 사회주의로 들어가는거야 도대체 저런 인간이 저렇게 지지를 받을까 지원금받아 사시는 국민들 여러분 아무생각없이 민주당 찍어대는 전라도 사람들 여러분 당신들이 아무생각없이 민주당 찍어주면 당신들 때문에 이 나라는 빨간색으로 물듭니다,1
촛불 가만 날아댕기는 해골충 뱌이러스 벌레들 도보뛰기 생쑈는 저ㄴ혀 관심 엄따,1
무조건 정없는당 믿기 힘들죠 심상정 때부터 싫어진거 같다는 느낌이 들었어요 믿음이 없어서요,1
아줌마는 조국 지지했잔아 지금와서 헛소리야,1
심상정은 꼼수를 쓰다가 결국 민주당에게 당한 꼴이 결국 몰락하여 과거보다 못한 정당이 된 과오를 반성하고 후배들에게 당을 물려주고 일정기간 자숙해야 하는것이 정의당이 발전하는에 도움이 됨,1
요즘 정의당 애들 날 엄청 세우네 악다구니만 남아가지고,1
풉ㅎ 주제에 뭐라는 거지 아주머니 본인이나 국회 뱃지 내려놓고 앞으로 벌어질 일 감당할 준비나 하세요 네,1
상정아 니가 그렇게 만들어줬잖아,1
좌 빨 민주당 폭주할 때 물개 박수칠 때부터 알아 봤거든 이제는 더 이상 쓸모가 없는데,1
개 합동조사라 그래도 믿음이 간다 구라미터 응답율  개 기관 응답율 ,1
민주당뒤에 구라미터가 있지 구라미터 정권바뀌면 처형 당할 각오하길 전국민을 상대로 농락질 재밌냐,1
주먹구구식 정책,1
무성이 선무당이 사람잡네 제잘못안니라고 억지나부리고 그얼굴 안나왔으면 고향가서 예언하고 무당이나해야지,1
더이상 무엇을 늬가 할수있니 착각하지마라,1
용지의 마왕 우리이니,1
깜방에서 보자 잘가라 짜이찌엔,1
걍 꺼져,1
양산사저 때문에 성질 낸게 어떤게 백신 못 구한게,1
리얼미터 그걸 누가믿는다고 발표을하냐,1
총장시절 탈탈 털었지 더 나올게 있었으면 대깨문들이 가만히 있었을까,1
앞으로 간다해놓고 뒤로가곤 하는 희대의 거짓말 쟁이 문가는 정권 끝날때 까지 바른말 한가지지금까지 경험하지 못한 나라 만들겠다고 외친 그한마디는 정말로 국민들이 경험 하지못한 각가지 꺼꾸로 가는 정책으로 나라가 제대로 된것이 없는 것은 사실대로 실현 되였구먼,1
디질떼까지 적패타령하고 디져라,1
민주당이 적폐입니다,1
니 양산땅은적폐중에 적폐아닌가니땅 대지로바끤건 공정한가용지로 말고 니 생각을 설명해봐라어리버리하지 말고,1
누가 누구를 적폐청산 한다고 당신이 그 대상자가 아닌가ㅋㅋㅋㅋ,1
심려를 끼쳐 송구하다 정확히 이게 뭔말인가 아직 부동산애 관해 잘못한거 도 없다는 얘기 아닌가,1
좌파는 안돼,1
지난주 조사에선 윤씨가 프로 가까이 위더만 고새 바뀐거야 이래서 지지율은 바람이라더라 ㅋㅋ,1
유엔제제 공산주의 책략 인권 주권 안보위협 유엔국제사법재판소,1
중앙일보가 정의를 배반 카드ㅋㅋ 지금에사 정권양아치 언론에 슬쩍 발 얹는 이유ㅋㅋ미쳐돌아가네 막가자는거야ㅋㅋ,1
유촉새 흐흐흐 아마 그땐 중에서 빠구리당하고 있을껄,1
더듬당은 그렇게 인물이 없나 유촉새를 대권주자라 하다니ㅡㅡㅉ 참나 진짜 나라가 왜 이지경이 되었을까ㅠ,1
의미없음 보수 진보 대 이건 안변한다,1
범죄자 맹박이가 대강 삽질 했을때도 이렇게 좀 악을 쓰고 반대 좀 하지 그때는 입 다물고 조용하다 이제는질 했을때도 이렇게 좀 악을 쓰고 반대 좀 하지 ㅋㅋㅋㅋㅋㅋ 저열한 넘들 ㅋㅋㅋㅋ 프레임 짜느라 아주 광끼를 부리고 있네 ㅋㅋㅋㅋㅋㅋ 저열한 넘들 ㅋㅋㅋㅋ,1
호남이 부산 인물을 내세웠듯이 보수도 중도성 인물을 내세워 힘을 합쳐라,1
대한민국 민주화는 모든 국민이 한표 한표 행사하면서 민주주의 국가가 된거야 헛튼소리 작작해라 왜 민주화를 이루었던 세대에서 현재 오세훈 지지율이 높은지 곰곰이 똥누면서 생각해봐라,1
대한민국 민주화는 누가했는데 자주민주통일 외치는 세력이 민주화라고 우기는 거냐,1
아직도 전라도 캐쌋는 넘이 있네니같은 넘 때문에 경상도가 욕묵고 지난 총선에서 석이나 퍼준거 아이가어휴 이런 ㄸㄹㅇ경상도가 없어져야 정권 찾아오지,1
현 상태를 인식 못하고 더빌어를 아직도 지지한다면 그야말로 더빌어 먹어야 된다,1
일단 모든선거 민주당 빼고 선거 엄마누나 여동생을 지키기 위해서,1
응답률이 라고 ㅋㅋ,1
수년간의 업보의 실체가 밝혀지면서 변화를 바라는 선량한 국민들의 소망이다,1
미친ㅋㅋㅋㅋ 고메디,1
번갈아가며 말아먹는 보수기득권과 직업민주화세력들에게 국민들은 지친것이다 국민들은 영웅을 기다리고있다 윤전총장의 치명적인 문제점에도 혹시나하며 기대하고있는것이다 언론을동원하여 화려하게 포장했던 보수기득권들과 진보세력들도 결국 서민들의 피부에와닿는 생활고를 속일수는없다 둘중에 하나밖에 선택해야만했던 시절은 지나가고있다,1
윤석열 프로 가즈아역대 최고지지율 대통령도 가능하다이대로 가다간 정말 나라가 멸망할거 같은 두려움이 든다나야 이제 슬슬 나라가 주는 돈 받을 나이지만젊은 세대 미래세대들이 지금 써대는 돈 청구서받고 거지될걸 생각하면눈앞이 캄캄하다이대로 써대면 정말 그리스찍고 베네주엘라된다,1
대깨문이라는 유사종교가 한 나라를 이렇게 망치고 있다 대깨문 과 문재인은 같이 이나라에서 나가서 따루 살아,1
지금 설레발 많이 쳐둬실전에서 개털릴테니까,1
아직 멀었네 지지율 더올려  사람 먼저 만들자,1
찌그러진 달빛의 미친기운 악령들과 더부러만지다쑤신무리들  코로나보다 먼저 박멸되어야 하는데,1
내년에 손 봐줄 사람 많다 피바람 불듯ㅍㅎㅎㅎ,1
미친,1
청와대와 여당은 진심으로 반성해야 한다지난 년간 번의 엉터리 부동산정책으로 가격은 폭등하고 세금과 건보료 인상으로 서민들을 더우 어렵게 만들었다신 부동산적폐를 만든 정부는 이념에 사로잡혀서 서민들을 죽이는 잘못된 정책에서 벗어나 실질적인 대책으로 전면 전환해야 한다,1
엘에이치에서 저렴한 아파트 공급 안되나,1
부동산 임대사업자들한테 특혜를 준 게 화근,1
좌파의 부동산 투기 합리화 부동산 폭락하면 좌파폭락 ㅋㅋㅋ,1
가 뭡니까  올랐습니다지인 아파트는 억이던 아파트가 몇년사이 억 되었답니다,1
부동산과 페미 정책으로 이번 정권도 실패,1
청와대와 여당은 진심으로 반성해야 한다지난 년간 번의 엉터리 부동산정책으로 가격은 폭등하고 세금과 건보료 인상으로 서민들을 더우 어렵게 만들었다신 부동산적폐를 만든 정부는 이념에 사로잡혀서 서민들을 죽이는 잘못된 정책에서 벗어나 실질적인 대책으로 전면 전환해야 한다,1
ㅋㅋㅋㅋㅋㅋㅋㅋㅋㅋㅋㅋㅋㅋㅋㅋ이런 게 진짜 적페지 ,1
독자 영업정책 실패가진짜 한겨레 적폐다ㅋㅋㅋㅋㅋㅋㅋㅋ,1
대한민국의 보수는 진정한 보수는 김대중 뿐 이었다그들은 보수를 가장한 수구친일일 뿐이다,1
좋은말로 보수지 실제는 시대변화에 무디고 지적능력이 떨어진 노인들이 많은부분을 차지하다 점차 사망하니 줄어드는것 뿐이지,1
지금 민주당이 진보인가 진보가 모두 얼어죽었는가 보다 진보는 무슨 진보 개털진보,1
진보좌파  일본 극혐 친 중국북한미국과는 사안에 따라서 협력안보상 한미 동맹은 기본적으로 유지보수우익  공산주의국가 극혐 친 미국친 일본 및 한미동맹 철저유지그런데 서양에서는 한국인의 이와 같은 좌우 대립적 개념을 이해하기 힘들어 합니다 서구식 사고방식으로는 진보보수 혹은 공산사회주의 대 자유민주주의를 대체로 경제적인 개념을 가치판단 기준으로 구분해서 말한다고 보면 됩니다즉 진보좌파는 사회주의식 경제체제계획경제와 기업의 국유화를 중심으로 하는 경제구조 우선주의를 추구하며 보수우익은 자유로운 시장 거래 사유재산 인정 기반의 자본주의 경제체제를 지향한다는 식 입니다 그런 그들이 보기엔 한국에서 보수는 친일 수구 토착왜구 라고 보는 것과 진보 좌익은 친 공산당 친 북한 친 중공중국 공산당을 의미함 한 마디로 ㅃㄱㅇ 라는 식으로 서로 상대방을 매도하는 것을 이해하기 어렵다고 하는 것이지요물론 그들도 한국의 근 현대사를 조금만 관심있게 들여다 보면 비로소 납득이 가게 될겁니다,1
없는 자들이 훨씬 많은데도 보수를 지지하는 자들이 많았던 아이러니는 국민들이 무지했기 때문이다 친일에 독재에 핍박을 받으며 조상 대대로 힘겹게 살아온 자들이 가해자가 누구인지도 모르는 무지 때문에 오히려 가해자들을 지지해온 것이 우리의 슬픈 역사였다,1
조희석 니는 처자식 굶길정도 냐 불쌍타,1
진보가아니라 진상들이다,1
민주당은 이거 보고 오판하면 안됨민주당 극성 진보층이 목소리 커지면 언제나 필패한게 민주당 역사임나꼼수 인방 박시영 이런 사람들이 과대표하면 선거 위험함중도진보로 온건하게 가야 함으쌰으쌰하는 자영업자들과 일정 거리 안두면 또 패함민주당 초선들 자중해라,1
퍼준다는데 장사 없습니다 망하는 거지,1
내 생각엔과도하게 폭력적인 게임에 수십년간 노출되어있던 대 들 눈으로 볼때요즘의 극우보수놀음은 대 노인네들 수준의 케케묵은 거의 저능아들 장난 수준이라서별로 흥미를 못느끼게 된거 같음그래서 좀더 치열한 진보쪽으로 흥미를 느끼는듯,1
보수도 몰락했지만 이 정권 하는 꼬라지 보면 년부터 진보는 더더욱 개쓰레기시궁창이 되어버린거같은데 ㅋㅋ현실감각 없니ㅋㅋㅋㅋㅋㅋㅋㅋㅋㅋㅋㅋㅋㅋㅋㅋㅋㅋㅋㅋㅋㅋㅋ,1
난 진보 아닌데 보수는 안 찍어 주고 싶어,1
진보도 보수도 아닌 합리적이고 상식적인 보통사람들 중도무당층이 이기는 겁니다 두려워 마세요 어차피 화무십일홍 아닙니까 범죄자들이 판치는 나라는 막아야 지요,1
지인이 아직도 대깨문 탈출 못했으면 관계 끊어라 가 도 안 되면 그게 사람이냐 가망이 없다아니면 ㅈ선족이겠지,1
근혜가 못한거 같아 문재인을 밀어주었지만 역시나 나라일은 진보가 그나마 잘한다는걸 국민이 알아차린게지 전체적으로 놓고 볼땐,1
러시아 공산주의자 레닌의 교시목적은 수단을 정당화 한다혁명을 위해서는 거짓말 해도 괜찮다거짓말은 혁명을 위한 가장 강력한 수단이며거짓말을 백번하면 참말이 된다프랑스 정치학자 레이몽 아롱정직하면서 머리가 좋은 사람은 좌파가 될 수 없다정직한 좌파는 머리가 나쁘고 머리가 좋은 좌파는 정직하지 않다년 프랑스 좌파를 이끌던 로베스피에르는 아이들에게 우유를 값싸게 먹이기 위해우유값을 반값 이상 받으면 사형 시키겠다고 했고 우유값은 폭락했지만얼마 지나지 않아 농민들이 돈이 되지 않는 젓소를 도축했다그리고 우유값이 폭등했고 중산층 아이들도 우유를 못먹는 사태가 벌어졌다년 같은 일이 대한민국 부동산에서도 벌어졌다민주당이 임대차법으로 다수 임차인들을 위한 정책이라고 내놓은 입법이안그래도 진정되지 않던 부동산을 폭등시켰다더군다나 년월 법에 내부기밀로 이익을 얻을때 처벌하는 법안에서년이하 징역형을 년이하 징역형으로 변경하겠다는 법안을 민주당 인이 공동발의했다하지만 당시 민주당이 의석수에서 밀려 법안 통과는 실패했다오히려 이익을 추징하고 년이하 징역형 법안을 만들어도 될까말까한 일인데도지금까지 민주당이 하는 꼬라지 보면민주당석은 그냥 자기들 당리당략에만 이용하는 의석수가 되었을뿐이다중대재해법도 국힘당 핑계되면서 미적거리다가 원 법안보다 훨씬 후퇴한 법안으로 통과시키고무슨 말만 나오면 국힘당 핑계대면서정작 자기들 이익에 필요한건 강제로 법안 통과시키는 민주당서울부산 보궐선거에 대해서도 성추행당이라는 소리에 창피한줄도 모르는 민주당과 민주당똘마니들그리고 자기가 진보이고 좌파라 생각하는 개돼지들아니들이 진짜 진보이고 좌파라면 지금의 민주당이 아니라는 쓴소리를 해야되고그런 사실을 깨닫지 못한다면 평생 개돼지로 지낼수 밖에 없는거다,1
바보도 년간 교육 받으면 자기 이름 석자는 쓴다이명박근혜 년 헬조선에서 살고도 아직도 정신 못차린다면그건 정상인이 아니라 태극기부대지,1
개돼지들아 뭘 알겠냐 ㅋㅋㅋㅋㅋㅋ캬 이개 나라냐,1
민주당이 보수인거고지들이 보수라고 착각하고 있는 국민의힘은 그냥 나라 팔아 먹는 매국단체,1
기렉아 뭐가 그리 다급해서 벌써 선거조작질을 시작하니지금 판세 보니 보귈선거 무지하게 걱정되지근데 아무리 해봐야 민주당 못넘긴다 왜젊은 세대들이 너희들에게 등 돌려버렸거든,1
진보라고해서 민주당 덮어놓고 뽑아줄거란 생각은 하지 마시길 나 인국공 등 이를 가장 많이 가는거도 그들이니,1
지금 대가 베이비붐 세대라고 하던데  가장 수가 많고 그래서 아마도 그럴듯  대는 진보가 압도적임,1
친일파 미친통닭당 머저리 촌닭아미국과 비교하냐나라에서 돈주니 좋지침 질질 흘리면서 충성에 또 충성그래서 니들이 나라 망치는 족속들인거야계속 거지 근성 가지고 살아라잉,1
 대가리에 자갈만 가득 찬 자네 보다는 배쯤 나아 보이는데 ㅋ,1
 확실한건 민주당 이번에 개박살날듯뽑을 명분이 사라짐,1
보수나 진보 모두 위대한 대한민국을 위한 마음이다 거시와 같은 보수 미시와 같은 진보 접근방식의 차이가 근본을 뒤집어서는 안된다 근본은 대한민국이다 아버지와 어머니가 공존해야지 아버지가 어머니를 없애야 가정이 행복해지는 것은 아니기 때문,1
진보가아니라 좌파벌갱이다 진보는없고 벌갱이만있을뿐이다 예전에 때중이도 마이클잭슨불러서 백스텝밟았다,1
규제지역 묶을생각 하지말고 내부단속이나 잘 해라 지지층들이 얼마나 돌아섰는지 감이 잘 안오지 ,1
민주당이 보수인데 왜자꾸 왜구당을 보수라고 하냐 일본인인가,1
  공감,1
수꼴왜구당과 보수민주당 양당구조가 굳어지면 이나라는 필망이다,1
진보 진보진영 누가 진보이고 어디가 진보진영인가 수꼴보다 더럽고 악취나는 그들이 진보라고 거악의 축이라고 해야,1
애덕 파주 나는 더 했으면 더했지 덜하지 않았을 것 같은데 아마도 우리 국민들 대부분이 그렇지 않을까 지엄마에게 욕하고 밀쳐서 넘어 뜨리고그래서 다쳤다면아마도 명중에 명은 저렇게 끝내지 않았을 것 같은데요 나역시 욕따위로 안끝내지 나 같으면 면상에 향피우지 아마 댁도 그랬을 것 같은데나보다 심했을 것 같은데,1
코메디 보는것 같아요이런 통계가 이해가 않됩니다우리 국민 의식이 이정도는 아니라고 믿거든요많이 띄어진 만큼 고통도 클것이라 보여집니다,1
 천박 그자체 정수기 보다야,1
기자님 기사는 좋은데 기사 편집은 누가했니 지지율 순서대로 사진을 올려야지재수없게,1
달마 어이쿠 놀라셨어요 진짜 민심은 더 하답니다 쯧쯧 하얀병원에 있으니까 세상이 어캐 돌아가는지 모르나봐요,1
게스트 ㅎㅎ놀란게 아니구요우리 국민들 수준이 이정도는 아니라고 생각했는데 서글퍼서요,1
대통령선거 아직 멀었는데 이런 기사를 자꾸 올리는 의도는 오지 않을 레임덕 바라고 있어서 그러는거지,1
난진심으로 바란다이재명지사가 민주당을 탈당하고 무소속으로 대선 출마해서 당선되고도 절대 민주당에발을 들여놓지 않는걸 진심 바랄뿐이다의협에 고개숙이고 서민무시하는 선병지원에 검찰에 발발떨고 기업에 무릎꿇고민주당이 민주당이 아니다 그냥 기득권 따까리당,1
억강부약 협공 까지 말지어다능력도 없는것덜이 어딜 까는 소리덜 하구 있니국민은 억강부약 원하는것으로 쩜찍었다엣헴,1
파판토 외계인이 아니라 골빈 것들,1
조금 더 있으면 기름기 쫘악 빠지지 않을까 생각된다,1
간단하게 부동산 거래차액 전액 세금으로 환수가구 주택임대주택사업  전부 공공기관에서 진행청년 임대주택 경제 요충지에 건설 임대 분양대기업 본사 공영방송국 경기권 이전 국회의사당 지방 이전 국가기관 지방이전아파트에 쏠린 건설 경기 대체  명목뿐인 행정수도 현실화 제  세종시 건설온라인 행정으로 분산 문제가 없음,1
오세훈 시장님 응원합니다,1
서울천민들 좋아하겠네계속 올려라 집값 그거 바라고 너뽑은거다,1
 조직 해체 안하냐 ㅋ어후 답답,1
국회의원들 정부관료들 투기 싸그리 조사하고 명단공개하면 진짜 투표한다 근데 못하잖아 안하잖아,1
누진세 처럼 적용해라 서민 푼돈은 미친듯이 뜯어가면서 불로소득 수억 수십억씩 버는 사람들은 많이 내야지,1
청년들이 발뻣고 살려면 이런방법밖에 없다,1
직원꺼 전부다 환수하면되겟네 ㅋㅋ,1
잘한다꼭 그렇게 하자,1
집값이 너무높아서 전문직제외하고 의사 변호사 세무사 등 직업제외하고 일반직장 근로소득은 이제 의미 없는수준,1
땅으로 좀 그만 투자해젊은 사람들만 죽어나간다,1
지지합니다,1
투기라는게  결국 집없는 젊은 사람들 피빨아 먹는거지,1
아니 어쨋든 세금을 더 올린다는거아냐 ㅆㅂ,1
그래 이제라도 이런정책 시행하자 늦었지만 지금이라도,1
압류가 답이지,1
주택임대사업자들 중에는 친노들이 다수일것으로,1
토지는 한정되고 필수적인 요소라 투기는 안되는거임,1
는연막이고진짜문제인기존적폐부동산투기업자쉑이들이이제가부동산적폐개혁의주체가되니까즈덜적폐에비하면먼지급을무슨정의로운척즈덜이터뜨린것인데하여튼망조선은알바천국이누ㅋㅋ북한도조금씩은나눠주는데이것들은다즈덜이가지니위대하신김정은수령동지님만세다ㅋㅋㅋ,1
제발 아무거나 된다 집값 내려달라,1
옳소 잘한다 대찬성이다,1
걍 탈세나범재용이꺼나 회수하자,1
젊ㅈ은사람들  죽이는  트기  잡아  환수  몰수    강하게,1
 못잡는 정치인은 선거 기대하지마세요하는척만 한다고 속을줄아나 투표로 보여줍시다 여러분,1
이득의 는 말이 안 됩니다 는 되어야 합니다,1
별빛이 흐르는 다리를 건너  오빠다리 내다리 ㅋㅋㅋㅋ바람 부는 갈대 숲을 지나  거기서 뭐해  언제나 나를 언제나 나를 기다리는 김부선 아파트  거기서 뭐해오빠다리 가운데 다리 거기서 뭐해 푸 ㅎㅎㅎㅎㅎㅎㅎㅎㅎㅎㅎㅎㅎㅎㅎㅎㅎㅎㅎㅎㅎㅎㅎㅎㅎㅎㅎㅎㅎㅎㅎㅎㅎㅎㅎㅎㅎㅎㅎㅎㅎ,1
그럼 누가 사냐국가에서 다 사야지,1
누가 기본소득 달라고 했냐 양아치들,1
수요는  가격인상 원인 수요를  없앤다가격거품없어진다 나라 망하는거  그나마 늦춘다 일본   한순간 훅갔다 부동사때문에 ,1
결국 답은 토지공개념이야,1
어차피 이제 중국자본 싹들어와서 캐나다 호주 홍콩 꼴 나고있다 수고해,1
다 그런건 아니겠지만  공무원들은 웗타지 부동산 정보 미리알아서 투기하지 연금 타지 부정 하게 동벌어서 동창회가서 어죠이산 애들에게  거만 떨기 그꼴은 진짜 못좌줘요 ,1
우리나라 법처벌이  약해  다른나라에서는 총살 참수형인데  결과보다  다시는 이런일이 되풀이되지 않게 만들어야 되는게 중요한데 과연  좀더  세게 나가 주세요,1
말 달리자,1
적폐들은 언론 등에 업고 치사한 공격을 계속하고 검찰개혁을 시작으로 적폐들 없어지길,1
그냥 소유하고있으면 세금을 내라고 농사짓다 부자되는사람 이제 못보겠네,1
아니 그거보다 나 제대로 죠지라고 여기에 관련된 정치인이랑 공직자도 함께 모가지 날려버리고,1
땅이 없어서 다행이군,1
삶의 목표가 돈이 되어가는,1
채는 실거주라 불로소득이아니니 놔두고 채까지는 어느정도 실거주로 보되 채부터는 그건 투자지,1
오랜만에 심상정의원이 일하네,1
모든 부동산에 구입시 가격에 개발추진시 오르는 부동산가격과 그동안 납부한 재산세와 차액은  정도 세금추징하면됨,1
자본주의의 역행 결과를 우리는 이미 경험하고 있단다 정신 차려라,1
사유재산을 너무 건드리는거 아닌가,1
아무 의미 없다 ㅋ 유휴토지는 무슨 지금 주말농사 짓는거 안보이냐,1
소급적용 안되쥬 ㅋㅋㅋㅋㅋㅋㅋ 지들 다 처먹고 이제 배 부르니깐 서민넘들은 먹지 말라구 밥상 뒤엎쥬 ㅋㅋㅋㅋㅋㅋㅋㅋㅋ,1
다 좋은데 우선 국회의원 조사는 언제,1
국가빛 계속 늘어나는데 노력없이 얻는 부동산소득 중과는 필수,1
뻔한 소득의로 수십억 재산 모으는건 불가능하다자기 사업이나 주식제외하면부동산은 저가 매입은 투자로ㅜ봐야지간단한 방법개발 년이내 매입한 부동산은 전부 차액을 세금 부과하먄된다이번 사태도 지정 몇달전에 내부정보로 매입한거잖아거지들이라 몇년씩 못묶어둔다,1
부동산 불로소득 환수하라,1
토지가 공적자산이란말은 빨갱이들이 하는거지 사회주의에는 개인땅을 인정안하는거니까 결국 경제 자체를 사회주의로 가자는말과 같은거지,1
주식도 불로소득 아닌가,1
이미 부동산망했음 이제 손못씀 서울 아파트 평균가 억 수도권 평균 아파트 억임 이제 답은 좋은직장 포기하고 시골가거나 주식하거나 금수저거나 ㅈㅈ임 ㅋㅋ,1
서울에  나라가 만들고 국가가 운영하는 십년동안 안오르는  삼십층짜리  절대 사고팔수없는  절대전세   그거  백동 강남에 지으면 강남전세 나가리된다 전국아파트도 이런식으로 잡아라 절대전세사고팔수없는 십년교대절대전세많이지으면 끝난다,1
토지공개념이 우선하는 거지 토지나 부동산으로의 불로소득은 전무하도록 만들어야함 절대 부동산으로 돈 벌 수 없다는 경험을 하도록 해야됨,1
주거안정을 목적으로 세운가 저꼴인데 세금 조금올린다고 투기가 없어질까요 도시계획내부자료를 이용해 일부 은행농협과도 짜서 투기를 벌인 악질들임처벌을 둘째치고 투기한사람들도 못 잡고있는마당에 세금조금올리는걸로 무슨 기대를합니까,1
정신병자들인가 ㅋㅋㅋㅋㅋㅋㅋㅋㅋㅋㅋㅋㅋㅋ,1
문재인 사위도 몰수할수있냐일개 직원들거 보여주기 식으로 하고 덮을거면 말을 하지마 ㅋㅋ,1
그냥 개인이든 기업이든 보유기간에 따라 양도세를 물리면 되는거 아닌가 개발지 선정일 기준으로개월 이하 수익의 퍼 년이하 퍼 년이하 퍼 년이하 퍼 걸어두면 아무도 투기 안 하지,1
중국인이나 쫓아내,1
드디어 공산국가가 되어가는구나,1
사회주의 좌파의 부동산 정책과 왕조시대 부동산의 차이점,1
이걸로 서민들은 사다리 끊겼음,1
엘에이치 여가부 국회의원 개선만 하면,1
대선 별거없다탈페미선언하고 여가부폐지공약걸면 지지율떡상한다 부동산정책그딴 지키지도못할 애메한개소리ㅋㅋ,1
투표는 도장 꽝꽝 다찍어서 무효표왜 국개원하고 개통령 필요 없어니간무효표가 답이다,1
기본 소득은 불로소득 아니냐 존나 웃긴 모순이네ㅋㅋㅋㅋ역시 공산주의는 모순이 없으면 섭섭하지,1
심상정 역겁다 토 나온다,1
어떻게 토지가 모두의 재산인가 인간이 유사이래 그런적이 있기는한가 투기와 투자정도는 구분해서 가이드를 제시하고 그안에서 플레이가 이루어지게해야지뭐만하면 다없애고 이상한거 만들고 자본주의 국가에서 국가가 개인의 자산에 너무 관여가 심하단 생각밖에 안듬공직자 공무원 국회의원이 가진 모든 부동산부터 산가격에 매도해라 그럼 인정할테니,1
한국은  친일 보수우파 때문에  발전이  더디지 저들은  한국이 발전 하는것을  싫어하거든  일본 이 조국이니까,1
자본주의라는게 정당한 방법으로 부와 소득을 얻으면 그걸 권리로서 인정한다는거지 수단방법 안 가리고 개인의 욕망을 끝없이 채우는걸 허용하는게 아니다 자본주의의 뼈대를 세운 학자들도 지나친 불로소득의 탐욕에 대해선 경계하고 경고했다 자신들의 탐욕을 자본주의라는 그럴듯한 포장지로 정당화하려고 드는 인간들이 많은데 자본주의도 정도껏이지 불로소득과 탐욕이 너무 지나치면 그거 통제한다 그런거 그냥 냅두면 사회공동체가 불안해지고 경제가 망가지기 시작하기 때문이지,1
불로소득세 거두어서 국민에게 효율적으로 지급하자는 말이 잘못된건가 말그대로 국민전체가세금잘내고 그세금돌려받아 잘먹고 잘살자는대 그게 민주주의 식 선진복지국가 아닌가,1
참내 ㅋㅋㅋ 깨끗한척이나 하지 말던가ㅋㅋㅋㅋㅋㅋ,1
이재명이 외치는게 공산주의랑 다른점이 뭐냐 공산주의의는 부의 재생산을 이뤄낼 수 있는 개인의 생산수단의 사유화를 금지하는거다 근데 지금 우리가 살아가고 있는 현대 사회는 모든 생산수단은 결국 자본으로 환원할 수 있다 그 자본을 통해서 획득하는 소득이 이재명이 표현하는 불로소득인거다 자 근데 불로소득 우위를 타파한다 여러가지 방법이야 있겠지만 결국 세금 이율 조정 등을 통해서 사람들이 자본 소득을 취득하지 못 하는 방향으로 갈거다 상상이 되는가 불로소득이 불가능할 만큼 높은 세금과 또 금융혜택을 박탈하는게 눈에 그려지는데 이걸 찬성한다고 중산층은 버리겠다는 소리지 그리고 높은 세금으로 인해서 계층간의 사다리는 아예 없어질거다 빈곤층도 그 여파를 피해갈 수는 없을거다 지금도 부동산 세금 올라가니까 어떻게 됬지 진짜 부자들은 끄떡없고 전세 사는 사람만 죽어나가지 그렇게 욕하던 이명박 박근혜때 오른 집값이랑 문정부때 오른 집값이랑 한번 비교해봐라 진짜 이재명 옹호하는 사람들 진짜 미친 사람들인가 북한에서 살다왔나 진짜 이해가 안된다,1
대깨문들아 너네 진짜 미친거냐 이러면 북한이랑 다른게 뭐냐 부동산 투자 공부해서 돈 번게 도대체 뭐가 문제냐 투자자도 리스크를 안고 투자하는건데 그에 상응하는 이득을 취하는건 당연한거 아니냐 진짜 대한민국이 공산당이 되어간다 정신병자 놈들 때문에,1
불로소득을 없애자고 공산주의로 가자는건가 그리고 자꾸 돈좀 그만 뿌려라 돈을 벌 수 있는 양질의 일자리를 달랬지 누가 나랏돈 먹고 살고 싶다냐,1
이들이 하는 모든 정책은 왜 죄다 서민을 괴롭히는 부메랑으로 돌아오는 걸까    과연 이들은 서민들이 잘살기 바라기는 하는걸까   공정과 평등을 입에 매달고  시장에 역행하는 모든 정책을 막가파식으로 밀어부쳐 결국은 서민을 가난의 굴레에 벼락맞게 하는 저들 대체정체가 뭘까    순기능 보다는 역기능으로  양극화 심화시키고 계층간 불화를 조장해서  권력이라는 알량한 이득을 취하는 좀벌레같은 저들,1
